,Postnr
0,"6774, Nordfjordeid"
1,"8640, Hemnesberget"
2,"8643, Bjerka"
3,"8647, Bleikvasslia"
4,"8646, Korgen"
5,"6770, Nordfjordeid"
6,"6776, Kjølsdalen"
7,"6777, Stårheim"
8,"6773, Nordfjordeid"
9,"6778, Lote"
10,"6444, Farstad"
11,"1480, Slattum"
12,"1488, Hakadal"
13,"1482, Nittedal"
14,"1481, Hagan"
15,"0891, Oslo"
16,"2013, Skjetten"
17,"1484, Hakadal"
18,"4460, Moi"
19,"4462, Hovsherad"
20,"4463, Ualand"
21,"1622, Gressvik"
22,"4180, Kvitsøy"
23,"5337, Rong"
24,"6064, Haddal"
25,"6062, Brandal"
26,"6060, Hareid"
27,"6065, Ulsteinvik"
28,"9325, Bardufoss"
29,"9334, Øverbygd"
30,"9322, Karlstad"
31,"9321, Moen"
32,"5306, Erdal"
33,"5354, Straume"
34,"5360, Kolltveit"
35,"5363, Ågotnes"
36,"5177, Bjørøyhamn"
37,"5357, Fjell"
38,"1746, Skjeberg"
39,"1708, Sarpsborg"
40,"1719, Greåker"
41,"1712, Grålum"
42,"1730, Ise"
43,"1710, Sarpsborg"
44,"1747, Skjeberg"
45,"1738, Borgenhaugen"
46,"3525, Hallingby"
47,"3516, Hønefoss"
48,"3534, Sokna"
49,"7105, Stadsbygd"
50,"7100, Rissa"
51,"7112, Hasselvika"
52,"7113, Husbysjøen"
53,"7110, Fevåg"
54,"7170, Åfjord"
55,"7177, Revsnes"
56,"7194, Brandsfjord"
57,"7180, Roan"
58,"7740, Steinsdalen"
59,"2406, Elverum"
60,"2340, Løten"
61,"2330, Vallset"
62,"2338, Espa"
63,"7120, Leksvik"
64,"7125, Vanvikan"
65,"7819, Fosslandsosen"
66,"7750, Namdalseid"
67,"7777, Nord-Statland"
68,"7856, Jøa"
69,"7960, Salsbruket"
70,"7810, Namsos"
71,"7817, Salsnes"
72,"6421, Molde"
73,"7770, Flatanger"
74,"4341, Bryne"
75,"4352, Kleppe"
76,"4354, Voll"
77,"4342, Undheim"
78,"4052, Røyneberg"
79,"4334, Ålgård"
80,"4335, Dirdal"
81,"4333, Oltedal"
82,"4057, Tananger"
83,"4056, Tananger"
84,"4050, Sola"
85,"6453, Kleive"
86,"4054, Tjelta"
87,"4058, Tananger"
88,"4053, Ræge"
89,"6456, Skåla"
90,"6450, Hjelset"
91,"6411, Molde"
92,"6410, Molde"
93,"6429, Molde"
94,"6425, Molde"
95,"6422, Molde"
96,"6418, Sekken"
97,"6409, Molde"
98,"6413, Molde"
99,"6460, Eidsvåg I Romsdal"
100,"6480, Aukra"
101,"6470, Eresfjord"
102,"6462, Raudsand"
103,"6364, Vistdal"
104,"6613, Gjøra"
105,"2880, Nord-Torpa"
106,"6472, Eikesdal"
107,"6610, Øksendal"
108,"6600, Sunndalsøra"
109,"6620, Ålvundeid"
110,"3510, Hønefoss"
111,"2870, Dokka"
112,"2881, Aust-Torpa"
113,"5729, Modalen"
114,"5282, Lonevåg"
115,"5283, Fotlandsvåg"
116,"5286, Haus"
117,"5281, Valestrandsfossen"
118,"5285, Bruvik"
119,"5284, Tyssebotnen"
120,"5918, Frekhaug"
121,"5938, Sæbøvågen"
122,"5937, Bøvågen"
123,"5936, Manger"
124,"5939, Sletta"
125,"5943, Austrheim"
126,"5954, Mongstad"
127,"5984, Matredal"
128,"5961, Brekke"
129,"3520, Jevnaker"
130,"4170, Sjernarøy"
131,"4187, Ombo"
132,"5561, Bokn"
133,"2660, Dombås"
134,"2669, Bjorli"
135,"2668, Lesjaskog"
136,"2665, Lesja"
137,"2666, Lora"
138,"2686, Lom"
139,"2680, Vågå"
140,"2687, Bøverdalen"
141,"6084, Larsnes"
142,"6089, Sandshamn"
143,"6110, Austefjorden"
144,"6104, Volda"
145,"6087, Kvamsøy"
146,"6105, Volda"
147,"6133, Lauvstad"
148,"6120, Folkestad"
149,"6103, Volda"
150,"6106, Volda"
151,"6100, Volda"
152,"6102, Volda"
153,"6392, Vikebukt"
154,"6390, Vestnes"
155,"6391, Tresfjord"
156,"6387, Vågstranda"
157,"6393, Tomrefjord"
158,"6394, Fiksdal"
159,"6395, Rekdal"
160,"1640, Råde"
161,"1643, Råde"
162,"1642, Saltnes"
163,"1580, Rygge"
164,"1592, Våler I Østfold"
165,"1593, Svinndal"
166,"1821, Spydeberg"
167,"1591, Sperrebotn"
168,"8357, Valberg"
169,"8360, Bøstad"
170,"8352, Sennesvik"
171,"8372, Gravdal"
172,"8370, Leknes"
173,"8373, Ballstad"
174,"8340, Stamsund"
175,"6055, Godøya"
176,"6040, Vigra"
177,"6050, Valderøya"
178,"6052, Giske"
179,"8314, Gimsøysand"
180,"8320, Skrova"
181,"8312, Henningsvær"
182,"8300, Svolvær"
183,"8611, Mo I Rana"
184,"8618, Mo I Rana"
185,"8613, Mo I Rana"
186,"8626, Mo I Rana"
187,"8624, Mo I Rana"
188,"8313, Kleppstad"
189,"8310, Kabelvåg"
190,"8630, Storforshei"
191,"8615, Skonseng"
192,"8616, Mo I Rana"
193,"8614, Mo I Rana"
194,"8725, Utskarpen"
195,"8622, Mo I Rana"
196,"8617, Dalsgrenda"
197,"1798, Aremark"
198,"9107, Kvaløya"
199,"9110, Sommarøy"
200,"9120, Vengsøy"
201,"6996, Vadheim"
202,"1389, Heggedal"
203,"1386, Asker"
204,"1385, Asker"
205,"1383, Asker"
206,"1384, Asker"
207,"1394, Nesbru"
208,"1397, Nesøya"
209,"1387, Asker"
210,"5962, Bjordal"
211,"6947, Lavik"
212,"6995, Kyrkjebø"
213,"6993, Høyanger"
214,"6924, Hardbakke"
215,"6926, Krakhella"
216,"6927, Ytrøygrend"
217,"6928, Kolgrov"
218,"6929, Hersvikbygda"
219,"6957, Hyllestad"
220,"6958, Sørbøvåg"
221,"6953, Leirvik I Sogn"
222,"5570, Aksdal"
223,"5563, Førresfjorden"
224,"5567, Skjoldastraumen"
225,"1825, Tomter"
226,"1820, Spydeberg"
227,"5549, Røvær"
228,"5514, Haugesund"
229,"5523, Haugesund"
230,"6944, Stavang"
231,"5535, Haugesund"
232,"6907, Florø"
233,"6905, Florø"
234,"6916, Barekstad"
235,"6913, Florø"
236,"6910, Florø"
237,"6940, Eikefjord"
238,"6908, Florø"
239,"6919, Tansøy"
240,"6942, Svortevik"
241,"6914, Svanøybukt"
242,"6906, Florø"
243,"6900, Florø"
244,"6980, Askvoll"
245,"6985, Atløy"
246,"6982, Holmedal"
247,"6986, Værlandet"
248,"6983, Kvammen"
249,"6984, Stongfjorden"
250,"6987, Bulandet"
251,"3825, Lunde"
252,"3830, Ulefoss"
253,"3522, Bjoneroa"
254,"2760, Brandbu"
255,"2740, Roa"
256,"2770, Jaren"
257,"2750, Gran"
258,"2720, Grindvoll"
259,"3514, Hønefoss"
260,"1356, Bekkestua"
261,"1340, Skui"
262,"1341, Slependen"
263,"1350, Lommedalen"
264,"1349, Rykkinn"
265,"1359, Eiksmarka"
266,"1346, Gjettum"
267,"7200, Kyrksæterøra"
268,"9147, Birtavarre"
269,"9144, Samuelsberg"
270,"6843, Skei I Jølster"
271,"9197, Uløybukt"
272,"9180, Skjervøy"
273,"9184, Reinfjord"
274,"5583, Vikedal"
275,"5584, Bjoa"
276,"6847, Vassenden"
277,"7270, Dyrvik"
278,"7282, Bogøyvær"
279,"6967, Hellevik I Fjaler"
280,"6968, Flekke"
281,"6966, Guddal"
282,"6963, Dale I Sunnfjord"
283,"6978, Viksdalen"
284,"6977, Bygstad"
285,"6973, Sande I Sunnfjord"
286,"3750, Drangedal"
287,"6811, Førde"
288,"6815, Førde"
289,"6819, Førde"
290,"6818, Haukedalen"
291,"6812, Førde"
292,"6813, Førde"
293,"6814, Førde"
294,"6810, Førde"
295,"6809, Førde"
296,"3650, Tinn Austbygd"
297,"6800, Førde"
298,"6817, Naustdal"
299,"3680, Notodden"
300,"3691, Gransherad"
301,"3760, Neslandsvatn"
302,"3753, Tørdal"
303,"3766, Sannidal"
304,"3656, Atrå"
305,"3660, Rjukan"
306,"3652, Hovin I Telemark"
307,"6250, Stordal"
308,"3658, Miland"
309,"6240, Ørskog"
310,"6210, Valldal"
311,"6213, Tafjord"
312,"6214, Norddal"
313,"6215, Eidsdal"
314,"7255, Sundlandet"
315,"6260, Skodje"
316,"7257, Snillfjord"
317,"7256, Hemnskjela"
318,"1950, Rømskog"
319,"1866, Båstad"
320,"1860, Trøgstad"
321,"1852, Mysen"
322,"1880, Eidsberg"
323,"1878, Hærland"
324,"1816, Skiptvet"
325,"4950, Risør"
326,"4993, Sundebru"
327,"4980, Gjerstad"
328,"7243, Kvenvær"
329,"7242, Knarrlagsund"
330,"7250, Melandsjø"
331,"7240, Hitra"
332,"7252, Dolmøy"
333,"7241, Ansnes"
334,"7247, Hestvika"
335,"7246, Sandstad"
336,"8890, Leirfjord"
337,"8897, Bardal"
338,"8892, Sundøy"
339,"8820, Dønna"
340,"8830, Vandve"
341,"8813, Løkta"
342,"8214, Fauske"
343,"8215, Valnesfjord"
344,"8211, Fauske"
345,"8200, Fauske"
346,"8206, Fauske"
347,"8218, Fauske"
348,"8230, Sulitjelma"
349,"8210, Fauske"
350,"8219, Fauske"
351,"8208, Fauske"
352,"2008, Fjerdingby"
353,"2009, Nordby"
354,"9802, Vestre Jakobselv"
355,"6730, Davik"
356,"9357, Tennevoll"
357,"9470, Gratangen"
358,"9950, Vardø"
359,"9960, Kiberg"
360,"9800, Vadsø"
361,"9801, Vadsø"
362,"9804, Vadsø"
363,"9803, Vadsø"
364,"9840, Varangerbotn"
365,"6729, Kalvåg"
366,"6719, Skatestraumen"
367,"6734, Rugsund"
368,"6700, Måløy"
369,"6737, Ålfoten"
370,"6723, Svelgen"
371,"6727, Bremanger"
372,"6740, Selje"
373,"6750, Stadlandet"
374,"6763, Hornindal"
375,"6823, Sandane"
376,"6828, Hestenesøyra"
377,"6829, Hyen"
378,"6826, Byrkjelo"
379,"6827, Breim"
380,"2618, Lillehammer"
381,"2607, Vingrom"
382,"2636, Øyer"
383,"2635, Tretten"
384,"2658, Espedalen"
385,"2653, Vestre Gausdal"
386,"2656, Follebu"
387,"2657, Svatsum"
388,"2652, Svingvoll"
389,"3618, Skollenborg"
390,"3648, Passebekk"
391,"3748, Siljan"
392,"3647, Hvittingfoss"
393,"2651, Østre Gausdal"
394,"3619, Skollenborg"
395,"3614, Kongsberg"
396,"6490, Eide"
397,"3608, Heistadmoen"
398,"3721, Skien"
399,"3612, Kongsberg"
400,"4389, Vikeså"
401,"7393, Rennebu"
402,"3610, Kongsberg"
403,"6475, Midsund"
404,"6494, Vevang"
405,"6493, Lyngstad"
406,"7608, Levanger"
407,"7660, Vuku"
408,"4420, Åna-Sira"
409,"4380, Hauge I Dalane"
410,"4387, Bjerkreim"
411,"4129, Songesand"
412,"4110, Forsand"
413,"4127, Lysebotn"
414,"4128, Fløyrli"
415,"7391, Rennebu"
416,"7392, Rennebu"
417,"3533, Tyristrand"
418,"7398, Rennebu"
419,"7397, Rennebu"
420,"7335, Jerpstad"
421,"7334, Storås"
422,"7336, Meldal"
423,"7332, Løkken Verk"
424,"7320, Fannrem"
425,"6658, Rindalsskogen"
426,"7300, Orkanger"
427,"7327, Svorkmo"
428,"7303, Orkanger"
429,"7203, Vinjeøra"
430,"3890, Vinje"
431,"3893, Vinjesvingen"
432,"3864, Rauland"
433,"3895, Edland"
434,"5710, Skulestadmo"
435,"5736, Granvin"
436,"5706, Voss"
437,"5708, Voss"
438,"5707, Evanger"
439,"5713, Vossestrand"
440,"5723, Bolstadøyri"
441,"5704, Voss"
442,"5705, Voss"
443,"5709, Voss"
444,"5700, Voss"
445,"5600, Norheimsund"
446,"5612, Steinstø"
447,"5610, Øystese"
448,"5614, Ålvik"
449,"5630, Strandebarm"
450,"5632, Omastrand"
451,"5620, Tørvikbygd"
452,"7530, Meråker"
453,"7533, Kopperå"
454,"7517, Hell"
455,"7633, Frosta"
456,"1452, Nesoddtangen"
457,"1459, Nesodden"
458,"1456, Nesoddtangen"
459,"1430, Ås"
460,"1449, Drøbak"
461,"1407, Vinterbro"
462,"6140, Syvde"
463,"6144, Sylte"
464,"6146, Åheim"
465,"6143, Fiskå"
466,"1453, Bjørnemyr"
467,"1454, Fagerstrand"
468,"1458, Fjellstrand"
469,"1450, Nesoddtangen"
470,"1455, Nordre Frogn"
471,"6639, Torvikbukt"
472,"6631, Batnfjordsøra"
473,"6638, Osmarka"
474,"1440, Drøbak"
475,"9450, Hamnvik"
476,"1443, Drøbak"
477,"4208, Saudasjøen"
478,"4200, Sauda"
479,"4234, Jelsa"
480,"4237, Suldalsosen"
481,"4233, Erfjord"
482,"4134, Jøsenfjorden"
483,"4209, Vanvik"
484,"4244, Nesflaten"
485,"4230, Sand"
486,"4235, Hebnes"
487,"4130, Hjelmeland"
488,"4139, Fister"
489,"4146, Skiftun"
490,"4137, Årdal I Ryfylke"
491,"6149, Åram"
492,"6142, Eidså"
493,"6141, Rovde"
494,"6035, Fiskarstrand"
495,"6036, Mauseidvåg"
496,"6037, Eidsnes"
497,"6030, Langevåg"
498,"6674, Kvisvik"
499,"6637, Flemma"
500,"6633, Gjemnes"
501,"6636, Angvik"
502,"9911, Jarfjord"
503,"9912, Hesseng"
504,"6629, Torjulvågen"
505,"6628, Meisingset"
506,"6630, Tingvoll"
507,"6670, Øydegard"
508,"9430, Sandtorg"
509,"9415, Harstad"
510,"9419, Sørvik"
511,"9404, Harstad"
512,"9402, Harstad"
513,"9414, Harstad"
514,"9423, Grøtavær"
515,"9930, Neiden"
516,"9453, Kråkrøhamn"
517,"9925, Svanvik"
518,"9910, Bjørnevatn"
519,"9900, Kirkenes"
520,"9935, Bugøynes"
521,"9901, Kirkenes"
522,"5763, Skare"
523,"3870, Fyresdal"
524,"3854, Nissedal"
525,"3853, Vrådal"
526,"3841, Flatdal"
527,"3848, Morgedal"
528,"3850, Kviteseid"
529,"3855, Treungen"
530,"3849, Vråliosen"
531,"3880, Dalen"
532,"3891, Høydalsmo"
533,"3882, Åmdals Verk"
534,"5626, Kysnesstrand"
535,"5627, Jondal"
536,"5628, Herand"
537,"5760, Røldal"
538,"5750, Odda"
539,"5770, Tyssedal"
540,"5784, Øvre Eidfjord"
541,"5776, Nå"
542,"5777, Grimo"
543,"5773, Hovland"
544,"5734, Vallavik"
545,"5780, Kinsarvik"
546,"5781, Lofthus"
547,"5778, Utne"
548,"5783, Eidfjord"
549,"8514, Narvik"
550,"5785, Vøringsfoss"
551,"8530, Bjerkvik"
552,"8515, Narvik"
553,"8519, Narvik"
554,"8523, Skjomen"
555,"8520, Ankenes"
556,"8521, Ankenes"
557,"5380, Telavåg"
558,"8522, Beisfjord"
559,"4748, Rysstad"
560,"3442, Hyggen"
561,"4747, Valle"
562,"8283, Leinesfjord"
563,"8285, Leines"
564,"8289, Engeløya"
565,"8288, Bogøy"
566,"8286, Nordfold"
567,"8276, Ulvsvåg"
568,"8294, Hamarøy"
569,"8297, Tranøy"
570,"8290, Skutvik"
571,"8260, Innhavet"
572,"4745, Bygland"
573,"4741, Byglandsfjord"
574,"9103, Kvaløya"
575,"2640, Vinstra"
576,"3531, Krokkleiva"
577,"5640, Eikelandsosen"
578,"5652, Årland"
579,"5650, Tysse"
580,"5728, Eidslandet"
581,"5725, Vaksdal"
582,"5724, Stanghelle"
583,"5722, Dalekvam"
584,"7900, Rørvik"
585,"6212, Liabygda"
586,"6200, Stranda"
587,"6218, Hellesylt"
588,"6216, Geiranger"
589,"6220, Straumgjerde"
590,"6230, Sykkylven"
591,"6224, Hundeidvik"
592,"6222, Ikornnes"
593,"6320, Isfjorden"
594,"6386, Måndalen"
595,"6330, Verma"
596,"6300, Åndalsnes"
597,"6315, Innfjorden"
598,"6350, Eidsbygda"
599,"6360, Åfarnes"
600,"6363, Mittet"
601,"6310, Veblungsnes"
602,"2022, Gjerdrum"
603,"2092, Minnesund"
604,"2170, Fenstad"
605,"2150, Årnes"
606,"2164, Skogbygda"
607,"2054, Mogreina"
608,"2040, Kløfta"
609,"1929, Auli"
610,"2080, Eidsvoll"
611,"2114, Disenå"
612,"2160, Vormsund"
613,"2072, Dal"
614,"2073, Bøn"
615,"2070, Råholt"
616,"2074, Eidsvoll Verk"
617,"2093, Feiring"
618,"2030, Nannestad"
619,"2090, Hurdal"
620,"4308, Sandnes"
621,"4311, Hommersåk"
622,"7295, Rognes"
623,"7540, Klæbu"
624,"7549, Tanem"
625,"7550, Hommelvik"
626,"7288, Soknedal"
627,"7290, Støren"
628,"7232, Lundamo"
629,"7298, Budalen"
630,"7387, Singsås"
631,"2560, Alvdal"
632,"7584, Selbustrand"
633,"7580, Selbu"
634,"7596, Flaknan"
635,"7039, Trondheim"
636,"2484, Rendalen"
637,"2460, Osen"
638,"2485, Rendalen"
639,"2450, Rena"
640,"2478, Hanestad"
641,"2542, Vingelen"
642,"2540, Tolga"
643,"2544, Øversjødalen"
644,"2500, Tynset"
645,"2510, Tylldalen"
646,"2512, Kvikne"
647,"8430, Myre"
648,"3550, Gol"
649,"3560, Hemsedal"
650,"9475, Borkenes"
651,"9446, Grovfjord"
652,"9445, Tovik"
653,"9440, Evenskjer"
654,"7877, Høylandet"
655,"7870, Grong"
656,"7873, Harran"
657,"8412, Vestbygd"
658,"8410, Lødingen"
659,"8470, Bø I Vesterålen"
660,"8408, Sortland"
661,"8426, Barkestad"
662,"2960, Røn"
663,"8438, Stø"
664,"8428, Tunstad"
665,"8432, Alsvåg"
666,"2910, Aurdal"
667,"4720, Hægeland"
668,"2920, Leira I Valdres"
669,"2923, Tisleidalen"
670,"2930, Bagn"
671,"2900, Fagernes"
672,"2967, Lomen"
673,"2973, Ryfoss"
674,"3184, Borre"
675,"3089, Holmestrand"
676,"5590, Etne"
677,"5598, Fjæra"
678,"5596, Markhus"
679,"5593, Skånevik"
680,"5410, Sagvåg"
681,"5412, Stord"
682,"5414, Stord"
683,"5413, Huglo"
684,"5416, Stord"
685,"5415, Stord"
686,"5419, Fitjar"
687,"5423, Brandasund"
688,"6165, Sæbø"
689,"5683, Reksteren"
690,"6515, Kristiansund N"
691,"6510, Kristiansund N"
692,"6518, Kristiansund N"
693,"6096, Runde"
694,"6098, Nerlandsøy"
695,"6091, Fosnavåg"
696,"6092, Fosnavåg"
697,"6094, Leinøy"
698,"6090, Fosnavåg"
699,"6095, Bølandet"
700,"6080, Gurskøy"
701,"6076, Moltustranda"
702,"6070, Tjørvåg"
703,"6156, Ørsta"
704,"6153, Ørsta"
705,"6150, Ørsta"
706,"6152, Ørsta"
707,"6174, Barstadvik"
708,"6170, Vartdal"
709,"6155, Ørsta"
710,"6160, Hovdebygda"
711,"6196, Norangsfjorden"
712,"6190, Bjørke"
713,"6184, Storestandal"
714,"6183, Trandal"
715,"6154, Ørsta"
716,"9444, Hol I Tjeldsund"
717,"9443, Myklebostad"
718,"9442, Ramsund"
719,"3539, Flå"
720,"3540, Nesbyen"
721,"7890, Namsskogan"
722,"8658, Mosjøen"
723,"8659, Mosjøen"
724,"8666, Mosjøen"
725,"8664, Mosjøen"
726,"8656, Mosjøen"
727,"8672, Elsfjord"
728,"3295, Helgeroa"
729,"3519, Hønefoss"
730,"3268, Larvik"
731,"3282, Kvelde"
732,"3294, Stavern"
733,"3280, Tjodalyng"
734,"3290, Stavern"
735,"3296, Nevlunghavn"
736,"3269, Larvik"
737,"3256, Larvik"
738,"3243, Kodal"
739,"3090, Hof"
740,"3092, Sundbyfoss"
741,"3095, Eidsfoss"
742,"3178, Våle"
743,"3175, Ramnes"
744,"3158, Andebu"
745,"3277, Steinsholt"
746,"3275, Svarstad"
747,"3135, Torød"
748,"6657, Rindal"
749,"6683, Vågland"
750,"6687, Valsøyfjord"
751,"6686, Valsøybotn"
752,"6680, Halsanaustan"
753,"6570, Smøla"
754,"4790, Lillesand"
755,"4715, Øvrebø"
756,"4724, Iveland"
757,"4768, Engesland"
758,"4760, Birkeland"
759,"4700, Vennesla"
760,"4707, Vennesla"
761,"4706, Vennesla"
762,"4708, Vennesla"
763,"3624, Lyngdal I Numedal"
764,"3350, Prestfoss"
765,"3358, Nedre Eggedal"
766,"3359, Eggedal"
767,"3620, Flesberg"
768,"3623, Lampeland"
769,"3622, Svene"
770,"3330, Skotselv"
771,"3632, Uvdal"
772,"3628, Veggli"
773,"3626, Rollag"
774,"3544, Tunhovd"
775,"3629, Nore"
776,"3630, Rødberg"
777,"3355, Solumsmoen"
778,"3536, Noresund"
779,"3535, Krøderen"
780,"8110, Moldjord"
781,"8128, Ytre Beiarn"
782,"8114, Tollå"
783,"8325, Tengelfjord"
784,"8326, Myrland"
785,"8324, Digermulen"
786,"8447, Lonkan"
787,"8450, Stokmarknes"
788,"8317, Strønstad"
789,"8316, Laupstad"
790,"8445, Melbu"
791,"8413, Kvitnes"
792,"8484, Risøyhamn"
793,"8414, Hennes"
794,"8488, Nøss"
795,"8489, Nordmela"
796,"8485, Dverberg"
797,"8481, Bleik"
798,"8480, Andenes"
799,"2265, Namnå"
800,"2260, Kirkenær"
801,"2256, Grue Finnskog"
802,"2264, Grinder"
803,"2420, Trysil"
804,"2428, Søre Osen"
805,"2427, Plassen"
806,"2423, Østby"
807,"2430, Jordet"
808,"2425, Ljørdalen"
809,"2422, Nybergsund"
810,"2429, Tørberget"
811,"6893, Vik I Sogn"
812,"2480, Koppang"
813,"2477, Sollia"
814,"2448, Sømådalen"
815,"2443, Drevsjø"
816,"2446, Elgå"
817,"2555, Tufsingdalen"
818,"6894, Vangsnes"
819,"6896, Fresvik"
820,"6994, Nessane"
821,"6856, Sogndal"
822,"6857, Sogndal"
823,"6858, Fardal"
824,"6854, Kaupanger"
825,"6848, Fjærland"
826,"6783, Stryn"
827,"6798, Hjelledalen"
828,"6788, Olden"
829,"6789, Loen"
830,"6797, Utvik"
831,"6793, Innvik"
832,"6795, Blaksæter"
833,"6796, Hopland"
834,"6799, Oppstryn"
835,"6791, Oldedalen"
836,"8920, Sømna"
837,"8960, Velfjord"
838,"8906, Brønnøysund"
839,"8904, Brønnøysund"
840,"8907, Brønnøysund"
841,"8909, Brønnøysund"
842,"8723, Husby"
843,"8908, Brønnøysund"
844,"8900, Brønnøysund"
845,"8700, Nesna"
846,"8720, Vikholmen"
847,"8724, Saura"
848,"4849, Arendal"
849,"4810, Eydehavn"
850,"4848, Arendal"
851,"9670, Tufjord"
852,"9714, Snefjord"
853,"4920, Staubø"
854,"4812, Kongshavn"
855,"4815, Saltrød"
856,"9672, Ingøy"
857,"9692, Måsøy"
858,"9690, Havøysund"
859,"9770, Mehamn"
860,"9771, Skjånes"
861,"9775, Gamvik"
862,"9773, Nervei"
863,"9772, Langfjordnes"
864,"9980, Berlevåg"
865,"9982, Kongsfjord"
866,"6690, Aure"
867,"6693, Mjosundet"
868,"6697, Vihals"
869,"6694, Foldfjorden"
870,"6590, Tustna"
871,"6698, Lesund"
872,"6699, Kjørsvikbugen"
873,"5718, Myrdal"
874,"5743, Flåm"
875,"5746, Undredal"
876,"5747, Gudvangen"
877,"5745, Aurland"
878,"6855, Frønningen"
879,"6887, Lærdal"
880,"6888, Borgund"
881,"6885, Årdalstangen"
882,"6884, Øvre Årdal"
883,"6869, Hafslo"
884,"6876, Skjolden"
885,"6868, Gaupne"
886,"4550, Farsund"
887,"6872, Luster"
888,"6873, Marifjøra"
889,"6875, Høyheimsvik"
890,"6878, Veitastrond"
891,"9350, Sjøvegan"
892,"6871, Jostedal"
893,"6877, Fortun"
894,"6013, Ålesund"
895,"6010, Ålesund"
896,"6020, Ålesund"
897,"6014, Ålesund"
898,"6011, Ålesund"
899,"6006, Ålesund"
900,"6007, Ålesund"
901,"6057, Ellingsøy"
902,"6012, Ålesund"
903,"6009, Ålesund"
904,"6019, Ålesund"
905,"6016, Ålesund"
906,"6002, Ålesund"
907,"6017, Ålesund"
908,"8253, Rognan"
909,"8252, Rognan"
910,"8255, Røkland"
911,"8250, Rognan"
912,"8270, Drag"
913,"8264, Engan"
914,"8266, Mørsvikbotn"
915,"8220, Røsvik"
916,"8226, Straumen"
917,"8540, Ballangen"
918,"8590, Kjøpsvik"
919,"8278, Storå"
920,"8275, Storjord I Tysfjord"
921,"8273, Nevervik"
922,"8274, Musken"
923,"8543, Kjeldebotn"
924,"8404, Sortland"
925,"8407, Sortland"
926,"8406, Sortland"
927,"4443, Tjørhom"
928,"8416, Sortland"
929,"8415, Sortland"
930,"4560, Vanse"
931,"4563, Borhaug"
932,"4586, Korshamn"
933,"4580, Lyngdal"
934,"4588, Kvås"
935,"4520, Lindesnes"
936,"4595, Tingvatn"
937,"4596, Eiken"
938,"4480, Kvinesdal"
939,"4485, Feda"
940,"4473, Kvinlog"
941,"4407, Flekkefjord"
942,"4434, Andabeløy"
943,"4440, Tonstad"
944,"9525, Maze"
945,"7622, Markabygda"
946,"2918, Ulnes"
947,"9055, Meistervik"
948,"9309, Finnsnes"
949,"9310, Sørreisa"
950,"9311, Brøstadbotn"
951,"9304, Vangsvik"
952,"1433, Ås"
953,"3524, Nes I Ådal"
954,"9520, Kautokeino"
955,"9522, Kautokeino"
956,"9527, Kautokeino"
957,"9523, Kautokeino"
958,"9528, Kautokeino"
959,"9529, Kautokeino"
960,"9524, Kautokeino"
961,"9990, Båtsfjord"
962,"9518, Alta"
963,"9519, Kviby"
964,"9531, Kvalfjord"
965,"9532, Hakkstabben"
966,"9540, Talvik"
967,"9545, Langfjordbotn"
968,"9541, Alta"
969,"9763, Skarsvåg"
970,"9764, Nordkapp"
971,"9765, Gjesvær"
972,"9713, Russenes"
973,"9710, Indre Billefjord"
974,"9700, Lakselv"
975,"9722, Skoganvarre"
976,"9716, Børselv"
977,"9040, Nordkjosbotn"
978,"9709, Porsangmoen"
979,"9582, Nuvsvåg"
980,"9845, Tana"
981,"8770, Træna"
982,"8064, Røst"
983,"8150, Ørnes"
984,"8146, Reipå"
985,"9062, Furuflaten"
986,"9060, Lyngseidet"
987,"9050, Storsteinnes"
988,"8193, Rødøy"
989,"9056, Mortenhals"
990,"8197, Storselsøy"
991,"8198, Nordnesøy"
992,"8196, Selsøyvik"
993,"8182, Melfjordbotn"
994,"8187, Jektvik"
995,"8186, Tjongsfjorden"
996,"8188, Nordvernes"
997,"8185, Vågaholmen"
998,"8181, Myken"
999,"8754, Øresvik"
1000,"8190, Sørfjorden"
1001,"8195, Gjerøy"
1002,"9587, Skavnakk"
1003,"8189, Gjersvikgrenda"
1004,"9585, Sandland"
1005,"8158, Bolga"
1006,"8170, Engavågen"
1007,"8178, Halsa"
1008,"8160, Glomfjord"
1009,"8157, Meløy"
1010,"9186, Andsnes"
1011,"9584, Sør-Tverrfjord"
1012,"9580, Bergsfjord"
1013,"9550, Øksfjord"
1014,"9583, Langfjordhamn"
1015,"8694, Hattfjelldal"
1016,"8380, Ramberg"
1017,"8063, Værøy"
1018,"8382, Napp"
1019,"8387, Fredvang"
1020,"8392, Sørvågen"
1021,"8390, Reine"
1022,"5680, Tysnes"
1023,"5694, Onarheim"
1024,"6015, Ålesund"
1025,"5366, Misje"
1026,"8403, Sortland"
1027,"9042, Laksvatn"
1028,"8533, Bogen I Ofoten"
1029,"8402, Sortland"
1030,"3404, Lier"
1031,"8184, Ågskardet"
1032,"5690, Lundegrend"
1033,"6018, Ålesund"
1034,"1735, Varteig"
1035,"1555, Son"
1036,"2440, Engerdal"
1037,"5350, Brattholmen"
1038,"8696, Hattfjelldal"
1039,"2476, Atna"
1040,"8984, Vega"
1041,"8685, Trofors"
1042,"5353, Straume"
1043,"9455, Engenes"
1044,"9454, Ånstad"
1045,"9152, Sørkjosen"
1046,"2608, Lillehammer"
1047,"7178, Stokkøy"
1048,"1424, Ski"
1049,"5382, Skogsvåg"
1050,"7190, Bessaker"
1051,"7514, Stjørdal"
1052,"1721, Sarpsborg"
1053,"1718, Greåker"
1054,"3261, Larvik"
1055,"9426, Bjarkøy"
1056,"1903, Gan"
1057,"2000, Lillestrøm"
1058,"1900, Fetsund"
1059,"7089, Heimdal"
1060,"7070, Bosberg"
1061,"1910, Enebakkneset"
1062,"8642, Finneidfjord"
1063,"5378, Klokkarvik"
1064,"1628, Engelsviken"
1065,"8384, Sund I Lofoten"
1066,"4514, Mandal"
1067,"6068, Eiksund"
1068,"3616, Kongsberg"
1069,"4362, Vigrestad"
1070,"7893, Skorovatn"
1071,"2625, Fåberg"
1072,"7745, Oppland"
1073,"8209, Fauske"
1074,"5392, Storebø"
1075,"8207, Fauske"
1076,"3615, Kongsberg"
1077,"8400, Sortland"
1078,"4340, Bryne"
1079,"8475, Straumsjøen"
1080,"6433, Hustad"
1081,"8695, Hattfjelldal"
1082,"8315, Laukvik"
1083,"6004, Ålesund"
1084,"5347, Ågotnes"
1085,"3257, Larvik"
1086,"4375, Hellvik"
1087,"9336, Rundhaug"
1088,"0567, Oslo"
1089,"1290, Oslo"
1090,"6622, Ålvundfjord"
1091,"3260, Larvik"
1092,"9151, Storslett"
1093,"9170, Longyearbyen"
1094,"9068, Nord-Lenangen"
1095,"3844, Åmotsdal"
1096,"7140, Opphaug"
1097,"9537, Tverrelvdalen"
1098,"4160, Finnøy"
1099,"2052, Jessheim"
1100,"7207, Ytre Snillfjord"
1101,"6859, Slinda"
1102,"5994, Vikanes"
1103,"1850, Mysen"
1104,"6445, Malmefjorden"
1105,"3513, Hønefoss"
1106,"0654, Oslo"
1107,"9154, Storslett"
1108,"7510, Skatval"
1109,"2165, Hvam"
1110,"3617, Kongsberg"
1111,"4521, Lindesnes"
1112,"4077, Hundvåg"
1113,"4120, Tau"
1114,"2609, Lillehammer"
1115,"5568, Vikebygd"
1116,"4484, Øyestranda"
1117,"3114, Tønsberg"
1118,"5527, Haugesund"
1119,"4347, Lye"
1120,"2069, Jessheim"
1121,"3840, Seljord"
1122,"5381, Glesvær"
1123,"9420, Lundenes"
1124,"7502, Stjørdal"
1125,"0850, Oslo"
1126,"6003, Ålesund"
1127,"0752, Oslo"
1128,"5532, Haugesund"
1129,"4105, Jørpeland"
1130,"6063, Hjørungavåg"
1131,"2850, Lena"
1132,"9768, Repvåg"
1133,"1435, Ås"
1134,"6440, Elnesvågen"
1135,"0552, Oslo"
1136,"0875, Oslo"
1137,"4742, Grendi"
1138,"4164, Fogn"
1139,"7083, Leinstrand"
1140,"7114, Råkvåg"
1141,"1940, Bjørkelangen"
1142,"7021, Trondheim"
1143,"5397, Bekkjarvik"
1144,"1607, Fredrikstad"
1145,"4887, Grimstad"
1146,"4870, Fevik"
1147,"1724, Sarpsborg"
1148,"1514, Moss"
1149,"3270, Larvik"
1150,"5970, Byrknesøy"
1151,"1711, Sarpsborg"
1152,"0781, Oslo"
1153,"0166, Oslo"
1154,"3512, Hønefoss"
1155,"4843, Arendal"
1156,"5307, Ask"
1157,"3232, Sandefjord"
1158,"5310, Hauglandshella"
1159,"1706, Sarpsborg"
1160,"5411, Stord"
1161,"1396, Billingstad"
1162,"0963, Oslo"
1163,"7130, Brekstad"
1164,"9146, Olderdalen"
1165,"4755, Hovden I Setesdal"
1166,"4846, Arendal"
1167,"5384, Torangsvåg"
1168,"4163, Talgje"
1169,"6522, Frei"
1170,"3183, Horten"
1171,"7509, Stjørdal"
1172,"5417, Stord"
1173,"4345, Bryne"
1174,"5437, Finnås"
1175,"6443, Tornes I Romsdal"
1176,"2060, Gardermoen"
1177,"3580, Geilo"
1178,"1657, Torp"
1179,"0169, Oslo"
1180,"8684, Trofors"
1181,"9511, Alta"
1182,"3267, Larvik"
1183,"3264, Larvik"
1184,"0272, Oslo"
1185,"4529, Byremo"
1186,"1671, Kråkerøy"
1187,"7081, Sjetnemarka"
1188,"6457, Bolsøya"
1189,"5398, Stolmen"
1190,"3474, Åros"
1191,"7748, Seter"
1192,"6899, Balestrand"
1193,"4121, Tau"
1194,"2053, Jessheim"
1195,"6412, Molde"
1196,"5574, Skjold"
1197,"7520, Hegra"
1198,"4730, Vatnestrøm"
1199,"5379, Steinsland"
1200,"3185, Skoppum"
1201,"9512, Alta"
1202,"9841, Tana"
1203,"1395, Hvalstad"
1204,"4044, Hafrsfjord"
1205,"5308, Kleppestø"
1206,"4041, Hafrsfjord"
1207,"7020, Trondheim"
1208,"0586, Oslo"
1209,"4536, Bjelland"
1210,"4513, Mandal"
1211,"4821, Rykene"
1212,"4839, Arendal"
1213,"4841, Arendal"
1214,"4823, Nedenes"
1215,"4838, Arendal"
1216,"4836, Arendal"
1217,"5365, Turøy"
1218,"6005, Ålesund"
1219,"3220, Sandefjord"
1220,"4085, Hundvåg"
1221,"3475, Sætre"
1222,"4100, Jørpeland"
1223,"3515, Hønefoss"
1224,"8683, Trofors"
1225,"9538, Alta"
1226,"9842, Tana"
1227,"8692, Hattfjelldal"
1228,"8095, Helligvær"
1229,"9533, Kongshus"
1230,"4045, Hafrsfjord"
1231,"6280, Søvik"
1232,"5529, Haugesund"
1233,"3511, Hønefoss"
1234,"1406, Ski"
1235,"1667, Rolvsøy"
1236,"5303, Follese"
1237,"4182, Skartveit"
1238,"7357, Skaun"
1239,"7507, Stjørdal"
1240,"1051, Oslo"
1241,"1596, Moss"
1242,"1676, Kråkerøy"
1243,"7504, Stjørdal"
1244,"4330, Ålgård"
1245,"3174, Revetal"
1246,"9140, Rebbenes"
1247,"1061, Oslo"
1248,"5475, Ænes"
1249,"5443, Bømlo"
1250,"1434, Ås"
1251,"1544, Vestby"
1252,"4013, Stavanger"
1253,"6008, Ålesund"
1254,"2550, Os I Østerdalen"
1255,"4027, Stavanger"
1256,"4150, Rennesøy"
1257,"7093, Tiller"
1258,"6879, Solvorn"
1259,"0598, Oslo"
1260,"7273, Norddyrøy"
1261,"3292, Stavern"
1262,"5550, Sveio"
1263,"6718, Deknepollen"
1264,"4103, Jørpeland"
1265,"1167, Oslo"
1266,"2050, Jessheim"
1267,"4032, Stavanger"
1268,"6969, Straumsnes"
1269,"6964, Korssund"
1270,"5259, Hjellestad"
1271,"5355, Knarrevik"
1272,"1604, Fredrikstad"
1273,"4152, Vestre Åmøy"
1274,"4020, Stavanger"
1275,"1542, Vestby"
1276,"6870, Ornes"
1277,"6863, Leikanger"
1278,"6525, Frei"
1279,"6523, Frei"
1280,"6520, Frei"
1281,"6521, Frei"
1282,"5643, Strandvik"
1283,"5647, Baldersheim"
1284,"6524, Frei"
1285,"2055, Nordkisa"
1286,"3482, Tofte"
1287,"3483, Kana"
1288,"9392, Stonglandseidet"
1289,"6612, Grøa"
1290,"1739, Borgenhaugen"
1291,"5300, Kleppestø"
1292,"6414, Molde"
1293,"1619, Fredrikstad"
1294,"0758, Oslo"
1295,"5304, Hetlevik"
1296,"2683, Tessanden"
1297,"5685, Uggdal"
1298,"4770, Høvåg"
1299,"4817, His"
1300,"1162, Oslo"
1301,"8012, Bodø"
1302,"5336, Tjeldstø"
1303,"6487, Harøy"
1304,"4355, Kvernaland"
1305,"2890, Etnedal"
1306,"0558, Oslo"
1307,"0559, Oslo"
1308,"1734, Hafslundsøy"
1309,"4014, Stavanger"
1310,"0377, Oslo"
1311,"5516, Haugesund"
1312,"7037, Trondheim"
1313,"1087, Oslo"
1314,"0672, Oslo"
1315,"3477, Båtstø"
1316,"1388, Borgen"
1317,"1054, Oslo"
1318,"6270, Brattvåg"
1319,"2056, Algarheim"
1320,"4023, Stavanger"
1321,"7056, Ranheim"
1322,"1165, Oslo"
1323,"1608, Fredrikstad"
1324,"3262, Larvik"
1325,"5302, Strusshamn"
1326,"6294, Fjørtoft"
1327,"4865, Åmli"
1328,"1927, Rånåsfoss"
1329,"0658, Oslo"
1330,"0353, Oslo"
1331,"3490, Klokkarstua"
1332,"6292, Kjerstad"
1333,"2345, Ådalsbruk"
1334,"7350, Buvika"
1335,"1185, Oslo"
1336,"8385, Mølnarodden"
1337,"4847, Arendal"
1338,"0356, Oslo"
1339,"7898, Limingen"
1340,"2066, Jessheim"
1341,"0880, Oslo"
1342,"3570, Ål"
1343,"1177, Oslo"
1344,"4043, Hafrsfjord"
1345,"4754, Bykle"
1346,"1726, Sarpsborg"
1347,"0495, Oslo"
1348,"6265, Vatne"
1349,"0378, Oslo"
1350,"1150, Oslo"
1351,"4017, Stavanger"
1352,"4780, Brekkestø"
1353,"1626, Manstad"
1354,"0884, Oslo"
1355,"0860, Oslo"
1356,"3588, Dagali"
1357,"6423, Molde"
1358,"5394, Kolbeinsvik"
1359,"4018, Stavanger"
1360,"3470, Slemmestad"
1361,"1743, Klavestadhaugen"
1362,"9510, Alta"
1363,"4816, Kolbjørnsvik"
1364,"8610, Mo I Rana"
1365,"3517, Hønefoss"
1366,"8050, Tverlandet"
1367,"6264, Tennfjord"
1368,"3518, Hønefoss"
1369,"5578, Nedre Vats"
1370,"5580, Ølen"
1371,"5385, Bakkasund"
1372,"4083, Hundvåg"
1373,"4326, Sandnes"
1374,"7206, Hellandsjøen"
1375,"5396, Vestre Vinnesvåg"
1376,"2068, Jessheim"
1377,"0978, Oslo"
1378,"4042, Hafrsfjord"
1379,"4168, Byre"
1380,"4842, Arendal"
1381,"9108, Kvaløya"
1382,"3801, Bø I Telemark"
1383,"1605, Fredrikstad"
1384,"1178, Oslo"
1385,"4344, Bryne"
1386,"1723, Sarpsborg"
1387,"4346, Bryne"
1388,"9161, Burfjord"
1389,"2067, Jessheim"
1390,"7041, Trondheim"
1391,"7805, Namsos"
1392,"0766, Oslo"
1393,"0282, Oslo"
1394,"5515, Haugesund"
1395,"5518, Haugesund"
1396,"5642, Holmefjord"
1397,"5727, Stamnes"
1398,"4516, Mandal"
1399,"4363, Brusand"
1400,"4365, Nærbø"
1401,"9163, Jøkelfjord"
1402,"4331, Ålgård"
1403,"9162, Sørstraumen"
1404,"4360, Varhaug"
1405,"8693, Hattfjelldal"
1406,"5499, Åkra"
1407,"4818, Færvik"
1408,"4364, Sirevåg"
1409,"5560, Nedstrand"
1410,"4825, Arendal"
1411,"6792, Briksdalsbre"
1412,"5315, Herdla"
1413,"8149, Neverdal"
1414,"9388, Fjordgard"
1415,"6408, Aureosen"
1416,"3080, Holmestrand"
1417,"3271, Larvik"
1418,"8682, Trofors"
1419,"3405, Lier"
1420,"3402, Lier"
1421,"7092, Tiller"
1422,"7022, Trondheim"
1423,"7024, Trondheim"
1424,"4590, Snartemo"
1425,"3478, Nærsnes"
1426,"7047, Trondheim"
1427,"7045, Trondheim"
1428,"1538, Moss"
1429,"2162, Brårud"
1430,"2166, Oppaker"
1431,"1651, Sellebakk"
1432,"0182, Oslo"
1433,"0692, Oslo"
1434,"7055, Ranheim"
1435,"7053, Ranheim"
1436,"7012, Trondheim"
1437,"1727, Sarpsborg"
1438,"1479, Kurland"
1439,"6650, Surnadal"
1440,"1545, Hvitsten"
1441,"0374, Oslo"
1442,"7054, Ranheim"
1443,"3406, Tranby"
1444,"3410, Sylling"
1445,"3409, Tranby"
1446,"3420, Lierskogen"
1447,"3413, Lier"
1448,"3425, Reistad"
1449,"3426, Gullaug"
1450,"0382, Oslo"
1451,"7023, Trondheim"
1452,"3430, Spikkestad"
1453,"5517, Haugesund"
1454,"1176, Oslo"
1455,"6779, Holmøyane"
1456,"7670, Inderøy"
1457,"6430, Bud"
1458,"1487, Hakadal"
1459,"5912, Seim"
1460,"5957, Myking"
1461,"5955, Lindås"
1462,"5913, Eikangervåg"
1463,"5953, Fonnes"
1464,"5915, Hjelmås"
1465,"5914, Isdalstø"
1466,"5911, Alversund"
1467,"5916, Isdalstø"
1468,"5993, Ostereidet"
1469,"5956, Hundvin"
1470,"1630, Gamle Fredrikstad"
1471,"1610, Fredrikstad"
1472,"1617, Fredrikstad"
1473,"1615, Fredrikstad"
1474,"1618, Fredrikstad"
1475,"1613, Fredrikstad"
1476,"1637, Gamle Fredrikstad"
1477,"1632, Gamle Fredrikstad"
1478,"1636, Gamle Fredrikstad"
1479,"1614, Fredrikstad"
1480,"1653, Sellebakk"
1481,"1639, Gamle Fredrikstad"
1482,"1634, Gamle Fredrikstad"
1483,"1659, Torp"
1484,"1658, Torp"
1485,"1654, Sellebakk"
1486,"1663, Rolvsøy"
1487,"1664, Rolvsøy"
1488,"1661, Rolvsøy"
1489,"1679, Kråkerøy"
1490,"1678, Kråkerøy"
1491,"1675, Kråkerøy"
1492,"1673, Kråkerøy"
1493,"1621, Gressvik"
1494,"1624, Gressvik"
1495,"1672, Kråkerøy"
1496,"1623, Gressvik"
1497,"1655, Sellebakk"
1498,"7318, Agdenes"
1499,"1513, Moss"
1500,"1530, Moss"
1501,"1512, Moss"
1502,"1519, Moss"
1503,"1511, Moss"
1504,"1532, Moss"
1505,"1517, Moss"
1506,"1518, Moss"
1507,"1535, Moss"
1508,"1523, Moss"
1509,"1515, Moss"
1510,"1524, Moss"
1511,"1533, Moss"
1512,"1597, Moss"
1513,"1534, Moss"
1514,"1531, Moss"
1515,"1516, Moss"
1516,"1536, Moss"
1517,"1537, Moss"
1518,"1599, Moss"
1519,"1539, Moss"
1520,"1598, Moss"
1521,"4071, Randaberg"
1522,"4070, Randaberg"
1523,"4072, Randaberg"
1524,"4073, Randaberg"
1525,"4153, Brimse"
1526,"4156, Mosterøy"
1527,"5314, Kjerrgarden"
1528,"5305, Florvåg"
1529,"1684, Vesterøy"
1530,"1680, Skjærhalden"
1531,"1725, Sarpsborg"
1532,"1722, Sarpsborg"
1533,"1707, Sarpsborg"
1534,"1709, Sarpsborg"
1535,"1715, Yven"
1536,"7153, Garten"
1537,"7316, Lensvik"
1538,"7150, Storfosna"
1539,"7152, Kråkvåg"
1540,"7142, Uthaug"
1541,"7166, Tarva"
1542,"7165, Oksvoll"
1543,"7167, Vallersund"
1544,"7160, Bjugn"
1545,"7168, Lysøysundet"
1546,"2319, Hamar"
1547,"2315, Hamar"
1548,"7176, Linesøya"
1549,"7742, Yttervåg"
1550,"7744, Hepsøy"
1551,"2317, Hamar"
1552,"2321, Hamar"
1553,"2316, Hamar"
1554,"2318, Hamar"
1555,"2322, Ridabu"
1556,"2323, Ingeberg"
1557,"2324, Vang På Hedmarken"
1558,"2320, Furnes"
1559,"2390, Moelv"
1560,"2385, Brumunddal"
1561,"2353, Stavsjø"
1562,"2383, Brumunddal"
1563,"2386, Brumunddal"
1564,"2380, Brumunddal"
1565,"2387, Brumunddal"
1566,"2610, Mesnali"
1567,"2384, Brumunddal"
1568,"2382, Brumunddal"
1569,"2388, Brumunddal"
1570,"2616, Lismarka"
1571,"2355, Gaupen"
1572,"2365, Åsmarka"
1573,"2372, Brøttum"
1574,"2350, Nes På Hedmarken"
1575,"2360, Rudshøgda"
1576,"2364, Næroset"
1577,"2612, Sjusjøen"
1578,"2335, Stange"
1579,"2611, Lillehammer"
1580,"2344, Ilseng"
1581,"2337, Tangen"
1582,"2332, Åsvang"
1583,"2334, Romedal"
1584,"2312, Ottestad"
1585,"7802, Namsos"
1586,"7820, Spillum"
1587,"7822, Bangsund"
1588,"7803, Namsos"
1589,"7804, Namsos"
1590,"7800, Namsos"
1591,"7730, Beitstad"
1592,"7863, Overhalla"
1593,"7860, Skage I Namdalen"
1594,"7746, Hasvåg"
1595,"4350, Kleppe"
1596,"4353, Klepp Stasjon"
1597,"4351, Kleppe"
1598,"4343, Orre"
1599,"4033, Stavanger"
1600,"4051, Sola"
1601,"4055, Sola"
1602,"6415, Molde"
1603,"6419, Molde"
1604,"6455, Kortgarden"
1605,"6416, Molde"
1606,"6611, Furugrenda"
1607,"3940, Porsgrunn"
1608,"3936, Porsgrunn"
1609,"3912, Porsgrunn"
1610,"3915, Porsgrunn"
1611,"3944, Porsgrunn"
1612,"3920, Porsgrunn"
1613,"3949, Porsgrunn"
1614,"3950, Brevik"
1615,"3947, Langangen"
1616,"3916, Porsgrunn"
1617,"5301, Kleppestø"
1618,"3946, Porsgrunn"
1619,"3917, Porsgrunn"
1620,"3919, Porsgrunn"
1621,"3948, Porsgrunn"
1622,"3914, Porsgrunn"
1623,"3933, Porsgrunn"
1624,"3910, Porsgrunn"
1625,"3911, Porsgrunn"
1626,"3941, Porsgrunn"
1627,"3913, Porsgrunn"
1628,"3943, Porsgrunn"
1629,"3929, Porsgrunn"
1630,"3930, Porsgrunn"
1631,"3937, Porsgrunn"
1632,"3924, Porsgrunn"
1633,"3925, Porsgrunn"
1634,"3921, Porsgrunn"
1635,"3928, Porsgrunn"
1636,"3922, Porsgrunn"
1637,"3931, Porsgrunn"
1638,"3918, Porsgrunn"
1639,"3942, Porsgrunn"
1640,"3731, Skien"
1641,"3716, Skien"
1642,"3729, Skien"
1643,"3717, Skien"
1644,"3715, Skien"
1645,"3718, Skien"
1646,"3730, Skien"
1647,"3725, Skien"
1648,"3722, Skien"
1649,"3746, Skien"
1650,"3734, Skien"
1651,"3733, Skien"
1652,"3713, Skien"
1653,"3728, Skien"
1654,"3735, Skien"
1655,"3740, Skien"
1656,"3714, Skien"
1657,"3712, Skien"
1658,"3727, Skien"
1659,"3711, Skien"
1660,"3724, Skien"
1661,"3737, Skien"
1662,"3719, Skien"
1663,"3723, Skien"
1664,"3736, Skien"
1665,"3732, Skien"
1666,"3739, Skien"
1667,"3720, Skien"
1668,"3744, Skien"
1669,"3743, Skien"
1670,"3738, Skien"
1671,"3742, Skien"
1672,"3747, Skien"
1673,"3726, Skien"
1674,"3741, Skien"
1675,"3710, Skien"
1676,"3967, Stathelle"
1677,"3962, Stathelle"
1678,"3961, Stathelle"
1679,"3970, Langesund"
1680,"3960, Stathelle"
1681,"3965, Herre"
1682,"2840, Reinsvoll"
1683,"2846, Bøverbru"
1684,"2843, Eina"
1685,"2835, Raufoss"
1686,"2834, Raufoss"
1687,"2830, Raufoss"
1688,"2833, Raufoss"
1689,"2817, Gjøvik"
1690,"5919, Frekhaug"
1691,"5917, Rossland"
1692,"2815, Gjøvik"
1693,"2816, Gjøvik"
1694,"5986, Hosteland"
1695,"5981, Masfjordnes"
1696,"5947, Fedje"
1697,"2827, Hunndalen"
1698,"2836, Biri"
1699,"2819, Gjøvik"
1700,"2821, Gjøvik"
1701,"2838, Snertingdal"
1702,"2818, Gjøvik"
1703,"2825, Gjøvik"
1704,"2822, Bybrua"
1705,"2837, Biristrand"
1706,"2839, Øvre Snertingdal"
1707,"2820, Nordre Toten"
1708,"2848, Skreia"
1709,"2847, Kolbu"
1710,"2849, Kapp"
1711,"2860, Hov"
1712,"2864, Fall"
1713,"2862, Fluberg"
1714,"2863, Vestsida"
1715,"2866, Enger"
1716,"2861, Landåsbygda"
1717,"2879, Odnes"
1718,"5547, Utsira"
1719,"4173, Nord-Hidle"
1720,"4169, Sørbokn"
1721,"2661, Hjerkinn"
1722,"2662, Dovre"
1723,"2580, Folldal"
1724,"2663, Dovreskogen"
1725,"2667, Lesjaverk"
1726,"2690, Skjåk"
1727,"2670, Otta"
1728,"2693, Nordberg"
1729,"2695, Grotli"
1730,"2682, Lalm"
1731,"2676, Heidal"
1732,"2672, Sel"
1733,"2677, Nedre Heidal"
1734,"6083, Gjerdsvika"
1735,"6082, Gursken"
1736,"1560, Larkollen"
1737,"1526, Moss"
1738,"1528, Moss"
1739,"1570, Dilling"
1740,"1529, Moss"
1741,"1525, Moss"
1742,"1870, Ørje"
1743,"1875, Otteid"
1744,"1832, Askim"
1745,"1811, Askim"
1746,"1813, Askim"
1747,"1831, Askim"
1748,"1814, Askim"
1749,"1808, Askim"
1750,"1812, Askim"
1751,"1809, Askim"
1752,"1815, Askim"
1753,"1807, Askim"
1754,"1859, Slitu"
1755,"1830, Askim"
1756,"9008, Tromsø"
1757,"9016, Tromsø"
1758,"9015, Tromsø"
1759,"9010, Tromsø"
1760,"9007, Tromsø"
1761,"9027, Ramfjordbotn"
1762,"9118, Brensholmen"
1763,"9021, Tromsdalen"
1764,"9022, Krokelvdalen"
1765,"9023, Krokelvdalen"
1766,"9057, Vikran"
1767,"9101, Kvaløysletta"
1768,"9034, Oldervik"
1769,"9006, Tromsø"
1770,"9012, Tromsø"
1771,"9131, Kårvik"
1772,"9009, Tromsø"
1773,"9019, Tromsø"
1774,"9014, Tromsø"
1775,"9106, Straumsbukta"
1776,"9128, Tussøy"
1777,"9030, Sjursnes"
1778,"9024, Tomasjord"
1779,"9017, Tromsø"
1780,"9018, Tromsø"
1781,"9011, Tromsø"
1782,"9013, Tromsø"
1783,"9020, Tromsdalen"
1784,"9102, Kvaløysletta"
1785,"9100, Kvaløysletta"
1786,"9105, Kvaløya"
1787,"9109, Kvaløya"
1788,"9104, Kvaløya"
1789,"9141, Mjølvik"
1790,"9043, Jøvik"
1791,"9045, Lakselvbukt"
1792,"1391, Vollen"
1793,"1390, Vollen"
1794,"1392, Vettre"
1795,"5534, Haugesund"
1796,"5531, Haugesund"
1797,"5528, Haugesund"
1798,"5538, Haugesund"
1799,"5565, Tysværvåg"
1800,"5566, Hervik"
1801,"5541, Kolnes"
1802,"1408, Kråkstad"
1803,"1827, Hobøl"
1804,"1823, Knapstad"
1805,"5522, Haugesund"
1806,"5525, Haugesund"
1807,"5521, Haugesund"
1808,"5519, Haugesund"
1809,"5537, Haugesund"
1810,"5536, Haugesund"
1811,"5533, Haugesund"
1812,"6917, Batalden"
1813,"6918, Sør-Skorpa"
1814,"6912, Kinn"
1815,"6915, Rognaldsvåg"
1816,"1339, Vøyenenga"
1817,"4735, Evje"
1818,"4737, Hornnes"
1819,"3804, Bø I Telemark"
1820,"3803, Bø I Telemark"
1821,"3802, Bø I Telemark"
1822,"3800, Bø I Telemark"
1823,"3812, Akkerhaugen"
1824,"3810, Gvarv"
1825,"3820, Nordagutu"
1826,"3683, Notodden"
1827,"2730, Lunner"
1828,"1363, Høvik"
1829,"1344, Haslum"
1830,"1369, Stabekk"
1831,"2742, Grua"
1832,"2743, Harestua"
1833,"1358, Jar"
1834,"1368, Stabekk"
1835,"1353, Bærums Verk"
1836,"1352, Kolsås"
1837,"1348, Rykkinn"
1838,"1338, Sandvika"
1839,"1337, Sandvika"
1840,"1357, Bekkestua"
1841,"1351, Rud"
1842,"1367, Snarøya"
1843,"1366, Lysaker"
1844,"1364, Fornebu"
1845,"1365, Blommenholm"
1846,"1362, Hosle"
1847,"1336, Sandvika"
1848,"1354, Bærums Verk"
1849,"1360, Fornebu"
1850,"1311, Høvikodden"
1851,"1361, Østerås"
1852,"9192, Arnøyhamn"
1853,"9194, Lauksletta"
1854,"9190, Akkarvik"
1855,"9195, Årviksand"
1856,"9193, Nikkeby"
1857,"9158, Storslett"
1858,"9182, Seglvik"
1859,"9187, Valanhamn"
1860,"9185, Spildra"
1861,"5585, Sandeid"
1862,"5576, Øvre Vats"
1863,"5582, Ølensvåg"
1864,"4280, Skudeneshavn"
1865,"4270, Åkrehamn"
1866,"5545, Vormedal"
1867,"5542, Karmsund"
1868,"5546, Røyksund"
1869,"4262, Avaldsnes"
1870,"4250, Kopervik"
1871,"4260, Torvastad"
1872,"4265, Håvik"
1873,"4264, Kvalavåg"
1874,"4276, Veavågen"
1875,"4272, Sandve"
1876,"4275, Sævelandsvik"
1877,"4274, Stol"
1878,"7263, Hamarvik"
1879,"7266, Kverva"
1880,"7268, Titran"
1881,"7260, Sistranda"
1882,"7284, Mausund"
1883,"7280, Sula"
1884,"7286, Sørburøy"
1885,"7287, Sauøy"
1886,"7285, Gjæsingen"
1887,"6975, Skilbrei"
1888,"3677, Notodden"
1889,"3676, Notodden"
1890,"3684, Notodden"
1891,"3675, Notodden"
1892,"3681, Notodden"
1893,"3674, Notodden"
1894,"3678, Notodden"
1895,"3679, Notodden"
1896,"3692, Sauland"
1897,"1890, Rakkestad"
1898,"3770, Kragerø"
1899,"3790, Helle"
1900,"3772, Kragerø"
1901,"3788, Stabbestad"
1902,"3780, Skåtøy"
1903,"3781, Jomfruland"
1904,"4863, Nelaug"
1905,"4869, Dølemo"
1906,"4834, Risdal"
1907,"4868, Selåsvatn"
1908,"4905, Tvedestrand"
1909,"4900, Tvedestrand"
1910,"4904, Tvedestrand"
1911,"4916, Borøy"
1912,"4912, Gjeving"
1913,"4934, Nes Verk"
1914,"1894, Rakkestad"
1915,"1892, Degernes"
1916,"1763, Halden"
1917,"4957, Risør"
1918,"4956, Risør"
1919,"4990, Søndeled"
1920,"4994, Akland"
1921,"4909, Songe"
1922,"4985, Vegårshei"
1923,"8865, Tro"
1924,"8803, Sandnessjøen"
1925,"8804, Sandnessjøen"
1926,"8842, Brasøy"
1927,"8850, Herøy"
1928,"8860, Tjøtta"
1929,"8800, Sandnessjøen"
1930,"8880, Bærøyvågen"
1931,"8802, Sandnessjøen"
1932,"8854, Austbø"
1933,"1930, Aurskog"
1934,"2005, Rælingen"
1935,"1464, Fjellhamar"
1936,"2006, Løvenstad"
1937,"2014, Blystadlia"
1938,"2010, Strømmen"
1939,"1466, Strømmen"
1940,"4102, Idse"
1941,"1476, Rasta"
1942,"2003, Lillestrøm"
1943,"2020, Skedsmokorset"
1944,"2007, Kjeller"
1945,"1467, Strømmen"
1946,"2015, Leirsund"
1947,"2004, Lillestrøm"
1948,"1465, Strømmen"
1949,"1475, Finstadjordet"
1950,"2019, Skedsmokorset"
1951,"1470, Lørenskog"
1952,"1461, Lørenskog"
1953,"1462, Fjellhamar"
1954,"1472, Fjellhamar"
1955,"1463, Fjellhamar"
1956,"1474, Lørenskog"
1957,"1473, Lørenskog"
1958,"4372, Egersund"
1959,"1963, Fosser"
1960,"1920, Sørumsand"
1961,"2016, Frogner"
1962,"1923, Sørum"
1963,"1925, Blaker"
1964,"1954, Setskog"
1965,"1970, Hemnes"
1966,"1960, Løken"
1967,"4370, Egersund"
1968,"4371, Egersund"
1969,"4373, Egersund"
1970,"4376, Helleland"
1971,"4374, Egersund"
1972,"4104, Jørpeland"
1973,"4123, Sør-Hidle"
1974,"6714, Silda"
1975,"6717, Flatraket"
1976,"6710, Raudeberg"
1977,"6711, Bryggja"
1978,"6713, Almenningen"
1979,"6716, Husevåg"
1980,"6715, Barmen"
1981,"2614, Lillehammer"
1982,"2615, Lillehammer"
1983,"2613, Lillehammer"
1984,"2624, Lillehammer"
1985,"2619, Lillehammer"
1986,"3613, Kongsberg"
1987,"3611, Kongsberg"
1988,"7654, Verdal"
1989,"3303, Hokksund"
1990,"3302, Hokksund"
1991,"3320, Vestfossen"
1992,"3300, Hokksund"
1993,"3322, Fiskum"
1994,"6486, Orten"
1995,"3053, Steinberg"
1996,"3340, Åmot"
1997,"3055, Krokstadelva"
1998,"3050, Mjøndalen"
1999,"3057, Solbergelva"
2000,"3058, Solbergmoen"
2001,"3031, Drammen"
2002,"6531, Averøy"
2003,"6488, Myklebost"
2004,"6483, Ona"
2005,"6484, Sandøy"
2006,"6530, Averøy"
2007,"7657, Verdal"
2008,"6532, Averøy"
2009,"6533, Averøy"
2010,"7620, Skogn"
2011,"7624, Ekne"
2012,"7609, Levanger"
2013,"7604, Levanger"
2014,"7629, Ytterøy"
2015,"7603, Levanger"
2016,"7602, Levanger"
2017,"7605, Levanger"
2018,"7606, Levanger"
2019,"7607, Levanger"
2020,"7650, Verdal"
2021,"7653, Verdal"
2022,"7655, Verdal"
2023,"7652, Verdal"
2024,"7632, Åsenfjord"
2025,"7630, Åsen"
2026,"7600, Levanger"
2027,"7656, Verdal"
2028,"2100, Skarnes"
2029,"2214, Kongsvinger"
2030,"2208, Kongsvinger"
2031,"2213, Kongsvinger"
2032,"2212, Kongsvinger"
2033,"2211, Kongsvinger"
2034,"2209, Kongsvinger"
2035,"2216, Roverud"
2036,"2210, Granli"
2037,"2219, Brandval"
2038,"2224, Austmarka"
2039,"2220, Åbogen"
2040,"2217, Hokkåsen"
2041,"2218, Lundersæter"
2042,"2123, Bruvoll"
2043,"2120, Sagstua"
2044,"2130, Knapper"
2045,"2133, Gardvik"
2046,"2134, Austvatn"
2047,"2116, Sander"
2048,"2110, Slåstad"
2049,"2223, Galterud"
2050,"2230, Skotterud"
2051,"2233, Vestmarka"
2052,"2240, Magnor"
2053,"2235, Matrand"
2054,"2232, Tobøl"
2055,"7340, Oppdal"
2056,"7310, Gjølme"
2057,"7213, Gåsbakken"
2058,"8003, Bodø"
2059,"8010, Bodø"
2060,"8075, Bodø"
2061,"8056, Saltstraumen"
2062,"7355, Eggkleiva"
2063,"7353, Børsa"
2064,"7354, Viggja"
2065,"8019, Bodø"
2066,"8009, Bodø"
2067,"8030, Bodø"
2068,"8025, Bodø"
2069,"8020, Bodø"
2070,"8015, Bodø"
2071,"8014, Bodø"
2072,"8073, Bodø"
2073,"8070, Bodø"
2074,"8016, Bodø"
2075,"8096, Bliksvær"
2076,"8098, Landegode"
2077,"8097, Givær"
2078,"8093, Kjerringøy"
2079,"8028, Bodø"
2080,"8027, Bodø"
2081,"8006, Bodø"
2082,"8008, Bodø"
2083,"8011, Bodø"
2084,"8029, Bodø"
2085,"8071, Bodø"
2086,"8004, Bodø"
2087,"8026, Bodø"
2088,"8072, Bodø"
2089,"8021, Bodø"
2090,"8013, Bodø"
2091,"8005, Bodø"
2092,"8023, Bodø"
2093,"8079, Bodø"
2094,"8007, Bodø"
2095,"8022, Bodø"
2096,"8074, Bodø"
2097,"5730, Ulvik"
2098,"8076, Bodø"
2099,"8100, Misvær"
2100,"8103, Breivik I Salten"
2101,"8102, Skjerstad"
2102,"3805, Bø I Telemark"
2103,"7506, Stjørdal"
2104,"7503, Stjørdal"
2105,"5719, Finse"
2106,"7512, Stjørdal"
2107,"7505, Stjørdal"
2108,"5715, Stalheim"
2109,"7500, Stjørdal"
2110,"7513, Stjørdal"
2111,"7525, Flornes"
2112,"7519, Elvarli"
2113,"1543, Vestby"
2114,"1540, Vestby"
2115,"1550, Hølen"
2116,"1409, Skotbu"
2117,"1423, Ski"
2118,"1425, Ski"
2119,"1400, Ski"
2120,"1405, Langhus"
2121,"1404, Siggerud"
2122,"1415, Oppegård"
2123,"1914, Ytre Enebakk"
2124,"1911, Flateby"
2125,"1912, Enebakk"
2126,"1447, Drøbak"
2127,"1444, Drøbak"
2128,"1448, Drøbak"
2129,"1446, Drøbak"
2130,"1410, Kolbotn"
2131,"1412, Sofiemyr"
2132,"1420, Svartskog"
2133,"1413, Tårnåsen"
2134,"1414, Trollåsen"
2135,"3029, Drammen"
2136,"9406, Harstad"
2137,"1445, Drøbak"
2138,"9730, Karasjok"
2139,"9737, Karasjok"
2140,"9731, Karasjok"
2141,"4198, Foldøy"
2142,"4167, Helgøy I Ryfylke"
2143,"9405, Harstad"
2144,"9409, Harstad"
2145,"9403, Harstad"
2146,"3040, Drammen"
2147,"9408, Harstad"
2148,"9407, Harstad"
2149,"9411, Harstad"
2150,"9424, Kjøtta"
2151,"9590, Hasvik"
2152,"9595, Sørvær"
2153,"9593, Breivikbotn"
2154,"3045, Drammen"
2155,"3039, Drammen"
2156,"3043, Drammen"
2157,"3480, Filtvet"
2158,"3026, Drammen"
2159,"3034, Drammen"
2160,"3016, Drammen"
2161,"3033, Drammen"
2162,"3032, Drammen"
2163,"3012, Drammen"
2164,"3017, Drammen"
2165,"3027, Drammen"
2166,"3014, Drammen"
2167,"3042, Drammen"
2168,"3036, Drammen"
2169,"3021, Drammen"
2170,"3035, Drammen"
2171,"3041, Drammen"
2172,"3015, Drammen"
2173,"3030, Drammen"
2174,"3037, Drammen"
2175,"3019, Drammen"
2176,"3018, Drammen"
2177,"3046, Drammen"
2178,"3038, Drammen"
2179,"3025, Drammen"
2180,"3044, Drammen"
2181,"3023, Drammen"
2182,"3047, Drammen"
2183,"3048, Drammen"
2184,"3028, Drammen"
2185,"3024, Drammen"
2186,"3022, Drammen"
2187,"3011, Drammen"
2188,"3484, Holmsbu"
2189,"5459, Fjelberg"
2190,"5470, Rosendal"
2191,"5476, Mauranger"
2192,"5474, Løfallstrand"
2193,"5462, Herøysundet"
2194,"5464, Dimmelsvik"
2195,"5450, Sunde I Sunnhordland"
2196,"5454, Sæbøvik"
2197,"8517, Narvik"
2198,"8516, Narvik"
2199,"5637, Ølve"
2200,"5460, Husnes"
2201,"5455, Halsnøy Kloster"
2202,"5457, Høylandsbygd"
2203,"5636, Varaldsøy"
2204,"5458, Arnavik"
2205,"5452, Sandvoll"
2206,"5451, Valen"
2207,"5498, Matre"
2208,"5473, Snilstveitøy"
2209,"5463, Uskedalen"
2210,"5472, Seimsfoss"
2211,"5635, Hatlestrand"
2212,"5453, Utåker"
2213,"3472, Bødalen"
2214,"3440, Røyken"
2215,"3783, Kragerø Skjærgård"
2216,"8145, Storvik"
2217,"9620, Kvalsund"
2218,"9715, Kokelv"
2219,"9624, Revsneshamn"
2220,"3408, Tranby"
2221,"8120, Nygårdsjøen"
2222,"8140, Inndyr"
2223,"2630, Ringebu"
2224,"8136, Nordarnøy"
2225,"8130, Sandhornøy"
2226,"8135, Sørarnøy"
2227,"8094, Fleinvær"
2228,"2634, Fåvang"
2229,"7994, Leka"
2230,"7993, Gutvik"
2231,"2642, Kvam"
2232,"2643, Skåbu"
2233,"2674, Mysusæter"
2234,"2632, Venabygd"
2235,"2647, Sør-Fron"
2236,"3530, Røyse"
2237,"3538, Sollihøgda"
2238,"3370, Vikersund"
2239,"3360, Geithus"
2240,"5641, Fusa"
2241,"5645, Sævareid"
2242,"5646, Nordtveitgrend"
2243,"5209, Os"
2244,"5200, Os"
2245,"5212, Søfteland"
2246,"5208, Os"
2247,"5210, Os"
2248,"5211, Os"
2249,"5217, Hagavik"
2250,"5215, Lysekloster"
2251,"5216, Lepsøy"
2252,"5218, Nordstrøno"
2253,"5388, Litlakalsøy"
2254,"5387, Møkster"
2255,"5263, Trengereid"
2256,"7710, Sparbu"
2257,"7717, Steinkjer"
2258,"7718, Steinkjer"
2259,"7732, Steinkjer"
2260,"7716, Steinkjer"
2261,"7711, Steinkjer"
2262,"7724, Steinkjer"
2263,"7725, Steinkjer"
2264,"7713, Steinkjer"
2265,"7715, Steinkjer"
2266,"7712, Steinkjer"
2267,"7714, Steinkjer"
2268,"7796, Follafoss"
2269,"7790, Malm"
2270,"7797, Verrabotn"
2271,"7970, Kolvereid"
2272,"7924, Austafjord"
2273,"7818, Lund"
2274,"7940, Ottersøy"
2275,"7944, Indre Nærøy"
2276,"7950, Abelvær"
2277,"7990, Naustbukta"
2278,"7973, Gjerdinga"
2279,"7985, Foldereid"
2280,"6272, Hildre"
2281,"7980, Terråk"
2282,"6293, Longva"
2283,"6290, Haramsøy"
2284,"6285, Storekalvøy"
2285,"4319, Sandnes"
2286,"2063, Jessheim"
2287,"7234, Ler"
2288,"2034, Holter"
2289,"2032, Maura"
2290,"2033, Åsgreina"
2291,"4327, Sandnes"
2292,"7236, Hovin I Gauldal"
2293,"4313, Sandnes"
2294,"4315, Sandnes"
2295,"4328, Sandnes"
2296,"4336, Sandnes"
2297,"4337, Sandnes"
2298,"4329, Sandnes"
2299,"4332, Figgjo"
2300,"4310, Hommersåk"
2301,"4321, Sandnes"
2302,"4309, Sandnes"
2303,"4307, Sandnes"
2304,"4314, Sandnes"
2305,"4312, Sandnes"
2306,"4318, Sandnes"
2307,"4317, Sandnes"
2308,"4322, Sandnes"
2309,"4306, Sandnes"
2310,"4325, Sandnes"
2311,"4323, Sandnes"
2312,"4316, Sandnes"
2313,"4320, Sandnes"
2314,"4324, Sandnes"
2315,"7345, Driva"
2316,"4338, Sandnes"
2317,"7224, Melhus"
2318,"7227, Gimse"
2319,"7212, Korsvegen"
2320,"7228, Kvål"
2321,"7560, Vikhammer"
2322,"7562, Saksvik"
2323,"7563, Malvik"
2324,"7342, Lønset"
2325,"7343, Vognill"
2326,"4021, Stavanger"
2327,"4011, Stavanger"
2328,"4022, Stavanger"
2329,"4012, Stavanger"
2330,"4009, Stavanger"
2331,"4010, Stavanger"
2332,"4049, Hafrsfjord"
2333,"4047, Hafrsfjord"
2334,"4025, Stavanger"
2335,"4007, Stavanger"
2336,"4005, Stavanger"
2337,"4026, Stavanger"
2338,"4024, Stavanger"
2339,"4016, Stavanger"
2340,"4015, Stavanger"
2341,"4019, Stavanger"
2342,"8409, Gullesfjord"
2343,"4006, Stavanger"
2344,"4031, Stavanger"
2345,"4028, Stavanger"
2346,"4008, Stavanger"
2347,"4029, Stavanger"
2348,"4046, Hafrsfjord"
2349,"4048, Hafrsfjord"
2350,"4034, Stavanger"
2351,"4154, Austre Åmøy"
2352,"4035, Stavanger"
2353,"4076, Vassøy"
2354,"7380, Ålen"
2355,"7383, Haltdalen"
2356,"7590, Tydal"
2357,"2582, Grimsbu"
2358,"2584, Dalholen"
2359,"2552, Dalsbygda"
2360,"3579, Torpo"
2361,"3577, Hovet"
2362,"3595, Haugastøl"
2363,"3593, Ustaoset"
2364,"3576, Hol"
2365,"7760, Snåsa"
2366,"7884, Sørli"
2367,"7882, Nordli"
2368,"7876, Kongsmoen"
2369,"4534, Marnardal"
2370,"4540, Åseral"
2371,"4544, Fossdal"
2372,"4532, Øyslebø"
2373,"2966, Slidre"
2374,"4525, Konsmo"
2375,"4528, Kollungtveit"
2376,"2917, Skrautvål"
2377,"2933, Reinli"
2378,"2940, Heggenes"
2379,"2943, Rogne"
2380,"2952, Beito"
2381,"2953, Beitostølen"
2382,"2950, Skammestein"
2383,"3188, Horten"
2384,"3179, Åsgårdstrand"
2385,"3186, Horten"
2386,"3189, Horten"
2387,"3180, Nykirke"
2388,"3187, Horten"
2389,"3182, Horten"
2390,"3181, Horten"
2391,"3176, Undrumsdal"
2392,"3085, Holmestrand"
2393,"3084, Holmestrand"
2394,"3083, Holmestrand"
2395,"3086, Holmestrand"
2396,"3077, Sande I Vestfold"
2397,"3074, Sande I Vestfold"
2398,"3060, Svelvik"
2399,"3075, Berger"
2400,"3076, Sande I Vestfold"
2401,"3072, Sande I Vestfold"
2402,"3073, Sande I Vestfold"
2403,"3070, Sande I Vestfold"
2404,"3173, Vear"
2405,"3159, Melsomvik"
2406,"3160, Stokke"
2407,"3171, Sem"
2408,"3233, Sandefjord"
2409,"3140, Nøtterøy"
2410,"6511, Kristiansund N"
2411,"6514, Kristiansund N"
2412,"5554, Valevåg"
2413,"5555, Førde I Hordaland"
2414,"5420, Rubbestadneset"
2415,"5430, Bremnes"
2416,"5440, Mosterhamn"
2417,"6508, Kristiansund N"
2418,"5687, Flatråker"
2419,"3154, Tolvsrød"
2420,"3151, Tolvsrød"
2421,"3157, Barkåker"
2422,"6516, Kristiansund N"
2423,"6509, Kristiansund N"
2424,"5693, Årbakka"
2425,"6507, Kristiansund N"
2426,"6517, Kristiansund N"
2427,"6512, Kristiansund N"
2428,"3118, Tønsberg"
2429,"8534, Liland"
2430,"9436, Kongsvik"
2431,"7896, Brekkvasselv"
2432,"7892, Trones"
2433,"8665, Mosjøen"
2434,"8660, Mosjøen"
2435,"8661, Mosjøen"
2436,"8663, Mosjøen"
2437,"8657, Mosjøen"
2438,"3274, Larvik"
2439,"3811, Hørte"
2440,"3123, Tønsberg"
2441,"3170, Sem"
2442,"3150, Tolvsrød"
2443,"3113, Tønsberg"
2444,"3122, Tønsberg"
2445,"3153, Tolvsrød"
2446,"3152, Tolvsrød"
2447,"3124, Tønsberg"
2448,"3111, Tønsberg"
2449,"3172, Vear"
2450,"3132, Husøysund"
2451,"3117, Tønsberg"
2452,"3125, Tønsberg"
2453,"3110, Tønsberg"
2454,"3126, Tønsberg"
2455,"3116, Tønsberg"
2456,"3127, Tønsberg"
2457,"3112, Tønsberg"
2458,"3115, Tønsberg"
2459,"3263, Larvik"
2460,"3258, Larvik"
2461,"3259, Larvik"
2462,"3265, Larvik"
2463,"4515, Mandal"
2464,"4517, Mandal"
2465,"9609, Nordre Seiland"
2466,"9603, Hammerfest"
2467,"9602, Hammerfest"
2468,"9600, Hammerfest"
2469,"9601, Hammerfest"
2470,"9650, Akkarfjord"
2471,"9651, Langstrand"
2472,"9664, Sandøybotn"
2473,"9657, Kårhamn"
2474,"9610, Rypefjord"
2475,"9612, Forsøl"
2476,"3121, Nøtterøy"
2477,"3225, Sandefjord"
2478,"3216, Sandefjord"
2479,"3221, Sandefjord"
2480,"3224, Sandefjord"
2481,"3213, Sandefjord"
2482,"3219, Sandefjord"
2483,"3235, Sandefjord"
2484,"3234, Sandefjord"
2485,"3229, Sandefjord"
2486,"3212, Sandefjord"
2487,"3209, Sandefjord"
2488,"3228, Sandefjord"
2489,"3222, Sandefjord"
2490,"3211, Sandefjord"
2491,"3208, Sandefjord"
2492,"3226, Sandefjord"
2493,"3218, Sandefjord"
2494,"3236, Sandefjord"
2495,"3210, Sandefjord"
2496,"3237, Sandefjord"
2497,"3214, Sandefjord"
2498,"3241, Sandefjord"
2499,"3217, Sandefjord"
2500,"3230, Sandefjord"
2501,"3242, Sandefjord"
2502,"3223, Sandefjord"
2503,"3239, Sandefjord"
2504,"3227, Sandefjord"
2505,"3215, Sandefjord"
2506,"3231, Sandefjord"
2507,"3238, Sandefjord"
2508,"3244, Sandefjord"
2509,"3120, Nøtterøy"
2510,"3128, Nøtterøy"
2511,"3142, Vestskogen"
2512,"3133, Duken"
2513,"3138, Skallestad"
2514,"3143, Kjøpmannskjær"
2515,"4625, Flekkerøy"
2516,"3144, Veierland"
2517,"6644, Bæverfjord"
2518,"6652, Surnadal"
2519,"3145, Tjøme"
2520,"3148, Hvasser"
2521,"6653, Øvre Surnadal"
2522,"6655, Vindøla"
2523,"6643, Bøfjorden"
2524,"6645, Todalen"
2525,"6640, Kvanne"
2526,"6642, Stangvik"
2527,"4636, Kristiansand S"
2528,"4643, Søgne"
2529,"4766, Herefoss"
2530,"4658, Tveit"
2531,"4634, Kristiansand S"
2532,"4830, Hynnekleiv"
2533,"4640, Søgne"
2534,"4622, Kristiansand S"
2535,"4626, Kristiansand S"
2536,"4631, Kristiansand S"
2537,"4624, Kristiansand S"
2538,"4638, Kristiansand S"
2539,"4637, Kristiansand S"
2540,"4633, Kristiansand S"
2541,"4620, Kristiansand S"
2542,"4630, Kristiansand S"
2543,"4635, Kristiansand S"
2544,"4645, Nodeland"
2545,"4647, Brennåsen"
2546,"4646, Finsland"
2547,"4628, Kristiansand S"
2548,"4629, Kristiansand S"
2549,"4641, Søgne"
2550,"4644, Søgne"
2551,"4642, Søgne"
2552,"4632, Kristiansand S"
2553,"4616, Kristiansand S"
2554,"2407, Elverum"
2555,"2414, Elverum"
2556,"4617, Kristiansand S"
2557,"4623, Kristiansand S"
2558,"4619, Mosby"
2559,"4657, Kjevik"
2560,"4656, Hamresanden"
2561,"4612, Kristiansand S"
2562,"4621, Kristiansand S"
2563,"4615, Kristiansand S"
2564,"4610, Kristiansand S"
2565,"4608, Kristiansand S"
2566,"4618, Kristiansand S"
2567,"4614, Kristiansand S"
2568,"4611, Kristiansand S"
2569,"4613, Kristiansand S"
2570,"2270, Flisa"
2571,"4639, Kristiansand S"
2572,"2416, Jømna"
2573,"2410, Hernes"
2574,"2415, Heradsbygd"
2575,"2409, Elverum"
2576,"2413, Elverum"
2577,"2408, Elverum"
2578,"9441, Fjelldal"
2579,"2266, Arneberg"
2580,"2283, Åsnes Finnskog"
2581,"2436, Våler I Solør"
2582,"2412, Sørskogbygda"
2583,"2411, Elverum"
2584,"2432, Slettås"
2585,"6895, Feios"
2586,"8985, Ylvingen"
2587,"8986, Vega"
2588,"8976, Vevelstad"
2589,"8870, Visthus"
2590,"8762, Sleneset"
2591,"8740, Nord-Solvær"
2592,"8764, Lovund"
2593,"8752, Konsvikosen"
2594,"8732, Aldra"
2595,"8730, Bratland"
2596,"8733, Stuvland"
2597,"8735, Stokkvågen"
2598,"8766, Lurøy"
2599,"8743, Indre Kvarøy"
2600,"8750, Tonnes"
2601,"4824, Bjorbekk"
2602,"1785, Halden"
2603,"1779, Halden"
2604,"1772, Halden"
2605,"1788, Halden"
2606,"1791, Tistedal"
2607,"1767, Halden"
2608,"4820, Froland"
2609,"4832, Mykland"
2610,"4827, Frolands Verk"
2611,"4828, Mjåvatn"
2612,"4158, Bru"
2613,"9742, Kunes"
2614,"9740, Lebesby"
2615,"9790, Kjøllefjord"
2616,"9782, Dyfjord"
2617,"9717, Veidnesklubben"
2618,"1765, Halden"
2619,"1792, Tistedal"
2620,"1789, Berg I Østfold"
2621,"1794, Sponvika"
2622,"1781, Halden"
2623,"1783, Halden"
2624,"1782, Halden"
2625,"1764, Halden"
2626,"1766, Halden"
2627,"1793, Tistedal"
2628,"1768, Halden"
2629,"1796, Kornsjø"
2630,"1777, Halden"
2631,"1776, Halden"
2632,"1786, Halden"
2633,"1771, Halden"
2634,"1784, Halden"
2635,"1769, Halden"
2636,"1778, Halden"
2637,"9143, Skibotn"
2638,"9046, Oteren"
2639,"4405, Flekkefjord"
2640,"4438, Sira"
2641,"4400, Flekkefjord"
2642,"4404, Flekkefjord"
2643,"4406, Flekkefjord"
2644,"5019, Bergen"
2645,"5034, Bergen"
2646,"4432, Hidrasund"
2647,"4436, Gyland"
2648,"5146, Fyllingsdalen"
2649,"5096, Bergen"
2650,"5223, Nesttun"
2651,"5232, Paradis"
2652,"5036, Bergen"
2653,"5081, Bergen"
2654,"5003, Bergen"
2655,"5031, Bergen"
2656,"5053, Bergen"
2657,"5225, Nesttun"
2658,"5089, Bergen"
2659,"5005, Bergen"
2660,"5154, Bønes"
2661,"5141, Fyllingsdalen"
2662,"5052, Bergen"
2663,"5142, Fyllingsdalen"
2664,"5016, Bergen"
2665,"5018, Bergen"
2666,"5067, Bergen"
2667,"5032, Bergen"
2668,"5010, Bergen"
2669,"5017, Bergen"
2670,"5063, Bergen"
2671,"5004, Bergen"
2672,"5007, Bergen"
2673,"5059, Bergen"
2674,"5022, Bergen"
2675,"5055, Bergen"
2676,"5009, Bergen"
2677,"5011, Bergen"
2678,"5008, Bergen"
2679,"5015, Bergen"
2680,"5144, Fyllingsdalen"
2681,"5043, Bergen"
2682,"5006, Bergen"
2683,"5093, Bergen"
2684,"5148, Fyllingsdalen"
2685,"5014, Bergen"
2686,"5039, Bergen"
2687,"5042, Bergen"
2688,"5057, Bergen"
2689,"5058, Bergen"
2690,"5037, Bergen"
2691,"5012, Bergen"
2692,"5235, Rådal"
2693,"5252, Søreidgrend"
2694,"5228, Nesttun"
2695,"5097, Bergen"
2696,"5038, Bergen"
2697,"5147, Fyllingsdalen"
2698,"5068, Bergen"
2699,"5073, Bergen"
2700,"5054, Bergen"
2701,"5094, Bergen"
2702,"5033, Bergen"
2703,"5056, Bergen"
2704,"5143, Fyllingsdalen"
2705,"5045, Bergen"
2706,"5035, Bergen"
2707,"5021, Bergen"
2708,"5145, Fyllingsdalen"
2709,"5184, Olsvik"
2710,"5264, Garnes"
2711,"5260, Indre Arna"
2712,"5013, Bergen"
2713,"5262, Arnatveit"
2714,"5265, Ytre Arna"
2715,"5268, Haukeland"
2716,"5267, Espeland"
2717,"5261, Indre Arna"
2718,"5131, Nyborg"
2719,"5230, Paradis"
2720,"5226, Nesttun"
2721,"5231, Paradis"
2722,"5236, Rådal"
2723,"5152, Bønes"
2724,"5221, Nesttun"
2725,"5222, Nesttun"
2726,"5251, Søreidgrend"
2727,"5238, Rådal"
2728,"5151, Straumsgrend"
2729,"5155, Bønes"
2730,"5072, Bergen"
2731,"5153, Bønes"
2732,"5239, Rådal"
2733,"5229, Kalandseidet"
2734,"5258, Blomsterdalen"
2735,"5243, Fana"
2736,"5244, Fana"
2737,"5075, Bergen"
2738,"5098, Bergen"
2739,"5099, Bergen"
2740,"5224, Nesttun"
2741,"5227, Nesttun"
2742,"5237, Rådal"
2743,"5254, Sandsli"
2744,"5257, Kokstad"
2745,"5082, Bergen"
2746,"5161, Laksevåg"
2747,"5253, Sandsli"
2748,"5170, Bjørndalstræ"
2749,"5164, Laksevåg"
2750,"5171, Loddefjord"
2751,"5165, Laksevåg"
2752,"5174, Mathopen"
2753,"5160, Laksevåg"
2754,"5162, Laksevåg"
2755,"5178, Loddefjord"
2756,"5132, Nyborg"
2757,"5179, Godvik"
2758,"5176, Loddefjord"
2759,"5172, Loddefjord"
2760,"5173, Loddefjord"
2761,"5163, Laksevåg"
2762,"5108, Hordvik"
2763,"5114, Tertnes"
2764,"5183, Olsvik"
2765,"5116, Ulset"
2766,"5115, Ulset"
2767,"5111, Breistein"
2768,"5106, Øvre Ervik"
2769,"5119, Ulset"
2770,"5122, Morvik"
2771,"5124, Morvik"
2772,"5101, Eidsvågneset"
2773,"5105, Eidsvåg I Åsane"
2774,"5104, Eidsvåg I Åsane"
2775,"5135, Flaktveit"
2776,"5118, Ulset"
2777,"5117, Ulset"
2778,"5113, Tertnes"
2779,"5137, Mjølkeråen"
2780,"5136, Mjølkeråen"
2781,"5107, Salhus"
2782,"5130, Nyborg"
2783,"5121, Ulset"
2784,"5109, Hylkje"
2785,"5134, Flaktveit"
2786,"4885, Grimstad"
2787,"5041, Bergen"
2788,"4886, Grimstad"
2789,"9360, Bardu"
2790,"9380, Gryllefjord"
2791,"9381, Torsken"
2792,"9395, Kaldfarnes"
2793,"9385, Skaland"
2794,"9386, Senjahopen"
2795,"9393, Flakstadvåg"
2796,"9372, Gibostad"
2797,"9373, Botnhamn"
2798,"9303, Silsand"
2799,"4879, Grimstad"
2800,"4876, Grimstad"
2801,"4878, Grimstad"
2802,"4877, Grimstad"
2803,"4888, Homborsund"
2804,"9516, Alta"
2805,"9515, Alta"
2806,"9513, Alta"
2807,"7370, Brekkebygd"
2808,"7375, Røros"
2809,"7374, Røros"
2810,"7372, Glåmos"
2811,"9536, Korsfjorden"
2812,"9514, Alta"
2813,"9517, Alta"
2814,"9762, Kamøyvær"
2815,"9766, Sarnes"
2816,"9760, Nordvågen"
2817,"9750, Honningsvåg"
2818,"9300, Finnsnes"
2819,"9130, Hansnes"
2820,"9826, Sirma"
2821,"9843, Tana"
2822,"9844, Tana"
2823,"9135, Vannvåg"
2824,"9132, Stakkvik"
2825,"8159, Støtt"
2826,"9136, Vannareid"
2827,"9138, Karlsøy"
2828,"7046, Trondheim"
2829,"7052, Trondheim"
2830,"9064, Svensby"
2831,"9302, Rossfjordstraumen"
2832,"9307, Finnsnes"
2833,"9308, Finnsnes"
2834,"9389, Husøy I Senja"
2835,"7031, Trondheim"
2836,"7080, Heimdal"
2837,"7044, Trondheim"
2838,"7067, Trondheim"
2839,"7068, Trondheim"
2840,"7032, Trondheim"
2841,"7027, Trondheim"
2842,"7048, Trondheim"
2843,"7029, Trondheim"
2844,"7050, Trondheim"
2845,"9586, Loppa"
2846,"7017, Trondheim"
2847,"7059, Jakobsli"
2848,"7015, Trondheim"
2849,"7018, Trondheim"
2850,"7019, Trondheim"
2851,"7074, Spongdal"
2852,"7069, Trondheim"
2853,"7051, Trondheim"
2854,"7099, Flatåsen"
2855,"7058, Jakobsli"
2856,"7043, Trondheim"
2857,"7072, Heimdal"
2858,"7010, Trondheim"
2859,"7049, Trondheim"
2860,"7014, Trondheim"
2861,"7030, Trondheim"
2862,"7033, Trondheim"
2863,"7098, Saupstad"
2864,"7011, Trondheim"
2865,"7028, Trondheim"
2866,"7016, Trondheim"
2867,"7013, Trondheim"
2868,"7040, Trondheim"
2869,"7088, Heimdal"
2870,"7082, Kattem"
2871,"7026, Trondheim"
2872,"7091, Tiller"
2873,"7079, Flatåsen"
2874,"7038, Trondheim"
2875,"7035, Trondheim"
2876,"7071, Trondheim"
2877,"7066, Trondheim"
2878,"7025, Trondheim"
2879,"7097, Saupstad"
2880,"7036, Trondheim"
2881,"7042, Trondheim"
2882,"7075, Tiller"
2883,"7078, Saupstad"
2884,"7034, Trondheim"
2885,"7057, Jonsvatnet"
2886,"0375, Oslo"
2887,"0976, Oslo"
2888,"0491, Oslo"
2889,"0287, Oslo"
2890,"1182, Oslo"
2891,"0463, Oslo"
2892,"0664, Oslo"
2893,"0851, Oslo"
2894,"1256, Oslo"
2895,"7982, Bindalseidet"
2896,"1284, Oslo"
2897,"1168, Oslo"
2898,"1666, Rolvsøy"
2899,"0587, Oslo"
2900,"0187, Oslo"
2901,"0280, Oslo"
2902,"0275, Oslo"
2903,"1187, Oslo"
2904,"0575, Oslo"
2905,"0286, Oslo"
2906,"0281, Oslo"
2907,"0478, Oslo"
2908,"0490, Oslo"
2909,"0475, Oslo"
2910,"0656, Oslo"
2911,"0668, Oslo"
2912,"0951, Oslo"
2913,"0172, Oslo"
2914,"0852, Oslo"
2915,"0158, Oslo"
2916,"0157, Oslo"
2917,"0180, Oslo"
2918,"0150, Oslo"
2919,"0177, Oslo"
2920,"0582, Oslo"
2921,"0960, Oslo"
2922,"0855, Oslo"
2923,"0192, Oslo"
2924,"0957, Oslo"
2925,"0198, Oslo"
2926,"0771, Oslo"
2927,"0958, Oslo"
2928,"0959, Oslo"
2929,"0785, Oslo"
2930,"0767, Oslo"
2931,"0482, Oslo"
2932,"0579, Oslo"
2933,"1166, Oslo"
2934,"0782, Oslo"
2935,"0576, Oslo"
2936,"1154, Oslo"
2937,"0757, Oslo"
2938,"0988, Oslo"
2939,"0592, Oslo"
2940,"0474, Oslo"
2941,"0373, Oslo"
2942,"0768, Oslo"
2943,"0372, Oslo"
2944,"0489, Oslo"
2945,"0455, Oslo"
2946,"0454, Oslo"
2947,"0583, Oslo"
2948,"0956, Oslo"
2949,"0371, Oslo"
2950,"0253, Oslo"
2951,"0181, Oslo"
2952,"0159, Oslo"
2953,"0461, Oslo"
2954,"0368, Oslo"
2955,"0671, Oslo"
2956,"0179, Oslo"
2957,"0376, Oslo"
2958,"1258, Oslo"
2959,"0763, Oslo"
2960,"0488, Oslo"
2961,"0657, Oslo"
2962,"0876, Oslo"
2963,"0494, Oslo"
2964,"0276, Oslo"
2965,"0753, Oslo"
2966,"1156, Oslo"
2967,"0682, Oslo"
2968,"1170, Oslo"
2969,"0467, Oslo"
2970,"0183, Oslo"
2971,"0677, Oslo"
2972,"1181, Oslo"
2973,"0360, Oslo"
2974,"0751, Oslo"
2975,"0655, Oslo"
2976,"1285, Oslo"
2977,"0950, Oslo"
2978,"0257, Oslo"
2979,"0873, Oslo"
2980,"0196, Oslo"
2981,"1163, Oslo"
2982,"1152, Oslo"
2983,"0265, Oslo"
2984,"0263, Oslo"
2985,"0774, Oslo"
2986,"0151, Oslo"
2987,"0874, Oslo"
2988,"0667, Oslo"
2989,"0193, Oslo"
2990,"1155, Oslo"
2991,"0679, Oslo"
2992,"1262, Oslo"
2993,"0476, Oslo"
2994,"0465, Oslo"
2995,"0469, Oslo"
2996,"0468, Oslo"
2997,"0870, Oslo"
2998,"0354, Oslo"
2999,"0165, Oslo"
3000,"0551, Oslo"
3001,"0854, Oslo"
3002,"1251, Oslo"
3003,"0283, Oslo"
3004,"0486, Oslo"
3005,"0596, Oslo"
3006,"0871, Oslo"
3007,"0155, Oslo"
3008,"0659, Oslo"
3009,"0652, Oslo"
3010,"0168, Oslo"
3011,"0191, Oslo"
3012,"0687, Oslo"
3013,"0473, Oslo"
3014,"1086, Oslo"
3015,"0483, Oslo"
3016,"0496, Oslo"
3017,"0773, Oslo"
3018,"0553, Oslo"
3019,"0174, Oslo"
3020,"1253, Oslo"
3021,"0487, Oslo"
3022,"0574, Oslo"
3023,"0383, Oslo"
3024,"1266, Oslo"
3025,"0271, Oslo"
3026,"0674, Oslo"
3027,"1281, Oslo"
3028,"1272, Oslo"
3029,"0361, Oslo"
3030,"0355, Oslo"
3031,"0366, Oslo"
3032,"0367, Oslo"
3033,"0340, Oslo"
3034,"0139, Oslo"
3035,"0565, Oslo"
3036,"0650, Oslo"
3037,"0452, Oslo"
3038,"0778, Oslo"
3039,"0370, Oslo"
3040,"1164, Oslo"
3041,"1088, Oslo"
3042,"0186, Oslo"
3043,"0853, Oslo"
3044,"0585, Oslo"
3045,"0882, Oslo"
3046,"0481, Oslo"
3047,"0259, Oslo"
3048,"0470, Oslo"
3049,"0980, Oslo"
3050,"1083, Oslo"
3051,"0262, Oslo"
3052,"0268, Oslo"
3053,"0273, Oslo"
3054,"0881, Oslo"
3055,"0680, Oslo"
3056,"0284, Oslo"
3057,"0690, Oslo"
3058,"0691, Oslo"
3059,"0689, Oslo"
3060,"0573, Oslo"
3061,"0964, Oslo"
3062,"0779, Oslo"
3063,"0590, Oslo"
3064,"0379, Oslo"
3065,"0164, Oslo"
3066,"0258, Oslo"
3067,"1153, Oslo"
3068,"0456, Oslo"
3069,"0568, Oslo"
3070,"0588, Oslo"
3071,"0557, Oslo"
3072,"0457, Oslo"
3073,"0256, Oslo"
3074,"0460, Oslo"
3075,"0776, Oslo"
3076,"0783, Oslo"
3077,"0962, Oslo"
3078,"0254, Oslo"
3079,"0167, Oslo"
3080,"0170, Oslo"
3081,"0775, Oslo"
3082,"0493, Oslo"
3083,"0178, Oslo"
3084,"0175, Oslo"
3085,"0787, Oslo"
3086,"1184, Oslo"
3087,"0675, Oslo"
3088,"0673, Oslo"
3089,"1062, Oslo"
3090,"0277, Oslo"
3091,"0678, Oslo"
3092,"0250, Oslo"
3093,"0152, Oslo"
3094,"0154, Oslo"
3095,"0357, Oslo"
3096,"0569, Oslo"
3097,"0266, Oslo"
3098,"0260, Oslo"
3099,"0772, Oslo"
3100,"0479, Oslo"
3101,"1063, Oslo"
3102,"0492, Oslo"
3103,"0777, Oslo"
3104,"0760, Oslo"
3105,"0756, Oslo"
3106,"0987, Oslo"
3107,"1089, Oslo"
3108,"0669, Oslo"
3109,"1188, Oslo"
3110,"0594, Oslo"
3111,"0480, Oslo"
3112,"1295, Oslo"
3113,"1279, Oslo"
3114,"0651, Oslo"
3115,"1294, Oslo"
3116,"0661, Oslo"
3117,"0660, Oslo"
3118,"0173, Oslo"
3119,"0267, Oslo"
3120,"0274, Oslo"
3121,"0556, Oslo"
3122,"0365, Oslo"
3123,"0358, Oslo"
3124,"0982, Oslo"
3125,"0563, Oslo"
3126,"0566, Oslo"
3127,"0684, Oslo"
3128,"0015, Oslo"
3129,"0953, Oslo"
3130,"0983, Oslo"
3131,"0571, Oslo"
3132,"0862, Oslo"
3133,"0770, Oslo"
3134,"0270, Oslo"
3135,"0264, Oslo"
3136,"0663, Oslo"
3137,"0160, Oslo"
3138,"0369, Oslo"
3139,"1179, Oslo"
3140,"0883, Oslo"
3141,"1053, Oslo"
3142,"0890, Oslo"
3143,"0952, Oslo"
3144,"0977, Oslo"
3145,"0349, Oslo"
3146,"1254, Oslo"
3147,"1250, Oslo"
3148,"1056, Oslo"
3149,"0968, Oslo"
3150,"1151, Oslo"
3151,"0171, Oslo"
3152,"0484, Oslo"
3153,"0789, Oslo"
3154,"0380, Oslo"
3155,"0694, Oslo"
3156,"0686, Oslo"
3157,"1158, Oslo"
3158,"1275, Oslo"
3159,"0485, Oslo"
3160,"0681, Oslo"
3161,"0861, Oslo"
3162,"0764, Oslo"
3163,"0464, Oslo"
3164,"0595, Oslo"
3165,"0350, Oslo"
3166,"0188, Oslo"
3167,"0190, Oslo"
3168,"0351, Oslo"
3169,"0363, Oslo"
3170,"1157, Oslo"
3171,"0670, Oslo"
3172,"0577, Oslo"
3173,"0653, Oslo"
3174,"1064, Oslo"
3175,"0666, Oslo"
3176,"0788, Oslo"
3177,"1084, Oslo"
3178,"0561, Oslo"
3179,"0352, Oslo"
3180,"0578, Oslo"
3181,"1065, Oslo"
3182,"0581, Oslo"
3183,"1069, Oslo"
3184,"0381, Oslo"
3185,"0555, Oslo"
3186,"0791, Oslo"
3187,"0784, Oslo"
3188,"1255, Oslo"
3189,"1252, Oslo"
3190,"1259, Oslo"
3191,"1055, Oslo"
3192,"1263, Oslo"
3193,"0161, Oslo"
3194,"1161, Oslo"
3195,"0969, Oslo"
3196,"0955, Oslo"
3197,"1169, Oslo"
3198,"1067, Oslo"
3199,"0562, Oslo"
3200,"1052, Oslo"
3201,"0364, Oslo"
3202,"0580, Oslo"
3203,"0685, Oslo"
3204,"0462, Oslo"
3205,"0954, Oslo"
3206,"0981, Oslo"
3207,"0026, Oslo"
3208,"0162, Oslo"
3209,"0665, Oslo"
3210,"0451, Oslo"
3211,"0450, Oslo"
3212,"0153, Oslo"
3213,"1278, Oslo"
3214,"0683, Oslo"
3215,"0195, Oslo"
3216,"0584, Oslo"
3217,"0251, Oslo"
3218,"1160, Oslo"
3219,"0550, Oslo"
3220,"0754, Oslo"
3221,"0662, Oslo"
3222,"0184, Oslo"
3223,"1068, Oslo"
3224,"1071, Oslo"
3225,"0593, Oslo"
3226,"0597, Oslo"
3227,"0755, Oslo"
3228,"0458, Oslo"
3229,"0676, Oslo"
3230,"0790, Oslo"
3231,"0554, Oslo"
3232,"0872, Oslo"
3233,"1291, Oslo"
3234,"1273, Oslo"
3235,"0445, Oslo"
3236,"0564, Oslo"
3237,"0688, Oslo"
3238,"1283, Oslo"
3239,"1172, Oslo"
3240,"0750, Oslo"
3241,"0786, Oslo"
3242,"1081, Oslo"
3243,"0858, Oslo"
3244,"0970, Oslo"
3245,"0973, Oslo"
3246,"0765, Oslo"
3247,"0572, Oslo"
3248,"0979, Oslo"
3249,"0877, Oslo"
3250,"0971, Oslo"
3251,"0589, Oslo"
3252,"0693, Oslo"
3253,"0591, Oslo"
3254,"0037, Oslo"
3255,"0477, Oslo"
3256,"0459, Oslo"
3257,"0362, Oslo"
3258,"0185, Oslo"
3259,"1257, Oslo"
3260,"0863, Oslo"
3261,"0864, Oslo"
3262,"0255, Oslo"
3263,"0975, Oslo"
3264,"0050, Oslo"
3265,"0985, Oslo"
3266,"0972, Oslo"
3267,"0984, Oslo"
3268,"0986, Oslo"
3269,"0194, Oslo"
3270,"0560, Oslo"
3271,"0570, Oslo"
3272,"0359, Oslo"
3273,"8742, Selvær"
3274,"1270, Oslo"
3275,"1274, Oslo"
3276,"1189, Oslo"
3277,"1286, Oslo"
3278,"0856, Oslo"
3279,"1271, Oslo"
3280,"0278, Oslo"
3281,"0252, Oslo"
3282,"0472, Oslo"
3283,"0857, Oslo"
3284,"0176, Oslo"
3285,"0279, Oslo"
3286,"0010, Oslo"
3287,"5551, Auklandshamn"
3288,"5960, Dalsøyra"
3289,"2435, Braskereidfoss"
3290,"8983, Vega"
3291,"2058, Sessvollmoen"
3292,"5966, Eivindvik"
3293,"1633, Gamle Fredrikstad"
3294,"3013, Drammen"
3295,"4844, Arendal"
3296,"5977, Ånneland"
3297,"5978, Mjømna"
3298,"5983, Haugsvær"
3299,"2685, Garmo"
3300,"1606, Fredrikstad"
3301,"5309, Kleppestø"
3302,"2280, Gjesåsen"
3303,"2646, Gålå"
3304,"8536, Evenes"
3305,"9736, Karasjok"
3306,"8535, Tårstad"
3307,"2673, Høvringen"
3308,"1690, Herføl"
3309,"4903, Tvedestrand"
3310,"5427, Urangsvåg"
3311,"9734, Karasjok"
3312,"5444, Espevær"
3313,"5334, Hellesøy"
3314,"1714, Grålum"
3315,"9733, Karasjok"
3316,"2985, Tyinkrysset"
3317,"2977, Øye"
3318,"3690, Hjartdal"
3319,"5428, Foldrøyhamn"
3320,"3697, Tuddal"
3321,"5335, Hernar"
3322,"9376, Skatvik"
3323,"7690, Mosvik"
3324,"2975, Vang I Valdres"
3325,"2936, Begnadalen"
3326,"2937, Begna"
3327,"7623, Ronglan"
3328,"9181, Hamneidet"
3329,"7981, Harangsfjord"
3330,"9153, Rotsund"
3331,"9732, Karasjok"
3332,"5548, Feøy"
3333,"1692, Nedgården"
3334,"3528, Hedalen"
3335,"8844, Sandvær"
3336,"4519, Holum"
3337,"9159, Havnnes"
3338,"2437, Haslemoen"
3339,"9425, Sandsøy"
3340,"9427, Meløyvær"
3341,"4915, Vestre Sandøya"
3342,"4910, Lyngør"
3343,"6420, Molde"
3344,"8982, Vega"
3345,"8323, Storfjell"
3346,"8328, Stormolla"
3347,"8322, Brettesnes"
3348,"9157, Storslett"
3349,"7156, Leksa"
3350,"2438, Gravberget"
3351,"3403, Lier"
3352,"3004, Drammen"
3353,"1665, Rolvsøy"
3354,"3414, Lierstranda"
3355,"3427, Gullaug"
